  id,variation,pos,vep_feature,vep_hgvs_c,vep_hgvs_p,vep_protein_pos,vep_exon,vep_intron,final_pathogenicity,final_disease,vep_consequence,vep_impact,dbnsfp_interpro_domain,vep_motif_name,vep_cadd_phred,overall_max_maf,overall_max_maf_source,gene,refseq,variant,p_change,v_origin,p_change_class,pathogenicity,conditions,usher,dominant,recessive,noncat,systemic,other,noinfo,conflict
1103447,6:76527262:AAAA>TT,76527262,NM_001368865.1,NM_001368865.1:c.-3_1delinsTT,\N,?-1,2/36,\N,Pathogenic,Hearing loss| sensorineural,start_lost&5_prime_UTR_variant,HIGH,\N,\N,\N,\N,\N,MYO6,NM_001368865.1,c.-3_1delinsTT,\N,-3,noncoding,Pathogenic,Hearing loss| sensorineural,0,0,0,1,0,1,0,True
1103461,6:76527299:C>CT,76527299,NM_001368865.1,NM_001368865.1:c.36dup,NP_001355794.1:p.Thr13TyrfsTer20,12,2/36,\N,Pathogenic,Deafness| autosomal recessive,frameshift_variant,HIGH,\N,\N,32,\N,\N,MYO6,NM_001368865.1,c.36dup,p.Thr13TyrfsTer20,36,stop,Pathogenic,Deafness| autosomal recessive,0,0,0,1,0,1,0,True
1103472,6:76527338:GC>G,76527338,NM_001368865.1,NM_001368865.1:c.78del,NP_001355794.1:p.Asp27ThrfsTer3,25,2/36,\N,Likely pathogenic,Nonsyndromic hearing loss and deafness,frameshift_variant,HIGH,\N,\N,\N,\N,\N,MYO6,NM_001368865.1,c.78del,p.Asp27ThrfsTer3,78,stop,Likely pathogenic,Nonsyndromic hearing loss and deafness,0,0,0,1,0,0,0,False
1103475,6:76527344:A>G,76527344,NM_001368865.1,NM_001368865.1:c.80A>G,NP_001355794.1:p.Asp27Gly,27,2/36,\N,Pathogenic,Hearing loss| non-syndromic| autosomal recessive,missense_variant,MODERATE,Myosin&_N-terminal&_SH3-like&.&.&.&Myosin&_N-terminal&_SH3-like&Myosin&_N-terminal&_SH3-like,\N,24.9,\N,\N,MYO6,NM_001368865.1,c.80A>G,p.Asp27Gly,80,missense,Pathogenic,Hearing loss| non-syndromic| autosomal recessive,0,0,0,1,0,2,0,True
1104021,6:76532559:G>C,76532559,NM_001368865.1,NM_001368865.1:c.178G>C,NP_001355794.1:p.Glu60Gln,60,3/36,\N,Pathogenic,Hearing loss| autosomal recessive,missense_variant,MODERATE,Myosin_head&_motor_domain&Myosin_head&_motor_domain&Myosin_head&_motor_domain&.&.&.&Myosin_head&_motor_domain&Myosin_head&_motor_domain&Myosin_head&_motor_domain&Myosin_head&_motor_domain&Myosin_head&_motor_domain&Myosin_head&_motor_domain,\N,29.7,6.53339e-05,gnomad_AF_sas_pass,MYO6,NM_001368865.1,c.178G>C,p.Glu60Gln,178,missense,Pathogenic,Hearing loss| autosomal recessive,0,0,0,1,0,1,0,True
1104024,6:76532567:CT>C,76532567,NM_001368865.1,NM_001368865.1:c.187del,NP_001355794.1:p.Cys63ValfsTer3,63,3/36,\N,Pathogenic,Hearing loss| progressive| late-onset,frameshift_variant&splice_region_variant,HIGH,\N,\N,\N,\N,\N,MYO6,NM_001368865.1,c.187del,p.Cys63ValfsTer3,187,stop,Pathogenic,Hearing loss| progressive| late-onset,0,0,0,1,0,2,0,True
1104600,6:76538269:AT>A,76538269,NM_001368865.1,NM_001368865.1:c.203del,NP_001355794.1:p.Leu68Ter,67,4/36,\N,Pathogenic,Hearing loss| progressive| late-onset,frameshift_variant,HIGH,\N,\N,\N,\N,\N,MYO6,NM_001368865.1,c.203del,p.Leu68Ter,203,stop,Pathogenic,Hearing loss| progressive| late-onset,0,0,0,1,0,2,0,True
1104609,6:76538307:C>T,76538307,NM_001368865.1,NM_001368865.1:c.238C>T,NP_001355794.1:p.Arg80Ter,80,4/36,\N,Likely pathogenic,Hearing loss| non-syndromic,stop_gained,HIGH,Myosin_head&_motor_domain&Myosin_head&_motor_domain&Myosin_head&_motor_domain&Class_VI_myosin&_motor_domain&.&.&.&Myosin_head&_motor_domain&Myosin_head&_motor_domain&Myosin_head&_motor_domain&Class_VI_myosin&_motor_domain&Myosin_head&_motor_domain&Myosin_head&_motor_domain&Myosin_head&_motor_domain&Class_VI_myosin&_motor_domain,\N,38,8.82379e-06,gnomad_AF_nfe_pass,MYO6,NM_001368865.1,c.238C>T,p.Arg80Ter,238,stop,Likely pathogenic,Hearing loss| non-syndromic,0,0,0,1,0,1,0,True
1104619,6:76538327:TT>CTTTACTAAA,76538327,NM_001368865.1,NM_001368865.1:c.258_259delinsCTTTACTAAA,NP_001355794.1:p.Tyr87PhefsTer11,86-87,4/36,\N,Likely pathogenic,Rare genetic deafness,splice_donor_variant&frameshift_variant,HIGH,\N,\N,\N,\N,\N,MYO6,NM_001368865.1,c.258_259delinsCTTTACTAAA,p.Tyr87PhefsTer11,258,stop,Likely pathogenic,Rare genetic deafness,0,0,0,1,0,0,0,False
1104802,6:76540142:G>A,76540142,NM_001368865.1,NM_001368865.1:c.271G>A,NP_001355794.1:p.Ala91Thr,91,5/36,\N,Likely pathogenic,Hearing impairment,missense_variant,MODERATE,Myosin_head&_motor_domain&Myosin_head&_motor_domain&Myosin_head&_motor_domain&Myosin_head&_motor_domain&Class_VI_myosin&_motor_domain&.&.&.&Myosin_head&_motor_domain&Myosin_head&_motor_domain&Myosin_head&_motor_domain&Myosin_head&_motor_domain&Class_VI_myosin&_motor_domain&Myosin_head&_motor_domain&Myosin_head&_motor_domain&Myosin_head&_motor_domain&Myosin_head&_motor_domain&Class_VI_myosin&_motor_domain,\N,30,0.000114794,gnomad_AF_nfe_pass,MYO6,NM_001368865.1,c.271G>A,p.Ala91Thr,271,missense,Likely pathogenic,Hearing impairment,0,0,0,1,0,0,0,False
1104821,6:76540212:CAT>C,76540212,NM_001368865.1,NM_001368865.1:c.344_345del,NP_001355794.1:p.Tyr115SerfsTer17,114-115,5/36,\N,Pathogenic,\N,frameshift_variant,HIGH,\N,\N,28.0,\N,\N,MYO6,NM_001368865.1,c.344_345del,p.Tyr115SerfsTer17,344,stop,Pathogenic,\N,0,0,0,0,0,0,1,False
1104830,6:76540245:C>A,76540245,NM_001368865.1,NM_001368865.1:c.374C>A,NP_001355794.1:p.Pro125His,125,5/36,\N,Likely pathogenic,Hearing loss| progressive| late-onset,missense_variant,MODERATE,Myosin_head&_motor_domain&Myosin_head&_motor_domain&Myosin_head&_motor_domain&Class_VI_myosin&_motor_domain&.&.&.&Myosin_head&_motor_domain&Myosin_head&_motor_domain&Myosin_head&_motor_domain&Class_VI_myosin&_motor_domain&Myosin_head&_motor_domain&Myosin_head&_motor_domain&Myosin_head&_motor_domain&Class_VI_myosin&_motor_domain,\N,29.1,\N,\N,MYO6,NM_001368865.1,c.374C>A,p.Pro125His,374,missense,Likely pathogenic,Hearing loss| progressive| late-onset,0,0,0,1,0,2,0,True
1105073,6:76542558:G>A,76542558,NM_001368865.1,NM_001368865.1:c.392-1G>A,\N,\N,\N,5/35,Pathogenic,Deafness| non-syndromic| autosomal recessive,splice_acceptor_variant,HIGH,\N,\N,35,\N,\N,MYO6,NM_001368865.1,c.392-1G>A,\N,392,noncoding,Pathogenic,Deafness| non-syndromic| autosomal recessive,0,0,0,1,0,2,0,True
1105089,6:76542595:TGAG>T,76542595,NM_001368865.1,NM_001368865.1:c.429_431del,NP_001355794.1:p.Met143_Ser144delinsIle,143-144,6/36,\N,Pathogenic,Hearing loss| progressive| late-onset,inframe_deletion,MODERATE,\N,\N,\N,\N,\N,MYO6,NM_001368865.1,c.429_431del,p.Met143_Ser144delinsIle,429,infrep,Pathogenic,Hearing loss| progressive| late-onset,0,0,0,1,0,2,0,True
1105097,6:76542625:C>G,76542625,NM_001368865.1,NM_001368865.1:c.458C>G,NP_001355794.1:p.Ser153Ter,153,6/36,\N,Pathogenic,Hearing loss| non-syndromic,stop_gained,HIGH,Myosin_head&_motor_domain&Myosin_head&_motor_domain&Myosin_head&_motor_domain&Myosin_head&_motor_domain&Class_VI_myosin&_motor_domain&.&.&.&Myosin_head&_motor_domain&Myosin_head&_motor_domain&Myosin_head&_motor_domain&Myosin_head&_motor_domain&Class_VI_myosin&_motor_domain&Myosin_head&_motor_domain&Myosin_head&_motor_domain&Myosin_head&_motor_domain&Myosin_head&_motor_domain&Class_VI_myosin&_motor_domain,\N,36,\N,\N,MYO6,NM_001368865.1,c.458C>G,p.Ser153Ter,458,stop,Pathogenic,Hearing loss| non-syndromic,0,0,0,1,0,1,0,True
1105100,6:76542640:C>G,76542640,NM_001368865.1,NM_001368865.1:c.473C>G,NP_001355794.1:p.Thr158Arg,158,6/36,\N,Pathogenic,Hearing loss| non-syndromic| autosomal dominant,missense_variant,MODERATE,Myosin_head&_motor_domain&Myosin_head&_motor_domain&Myosin_head&_motor_domain&Myosin_head&_motor_domain&Class_VI_myosin&_motor_domain&.&.&.&Myosin_head&_motor_domain&Myosin_head&_motor_domain&Myosin_head&_motor_domain&Myosin_head&_motor_domain&Class_VI_myosin&_motor_domain&Myosin_head&_motor_domain&Myosin_head&_motor_domain&Myosin_head&_motor_domain&Myosin_head&_motor_domain&Class_VI_myosin&_motor_domain,\N,26.5,\N,\N,MYO6,NM_001368865.1,c.473C>G,p.Thr158Arg,473,missense,Pathogenic,Hearing loss| non-syndromic| autosomal dominant,0,0,0,1,0,2,0,True
1105410,6:76545655:G>T,76545655,NM_001368865.1,NM_001368865.1:c.535G>T,NP_001355794.1:p.Asp179Tyr,179,7/36,\N,Likely pathogenic,Rare genetic deafness,missense_variant,MODERATE,Myosin_head&_motor_domain&Myosin_head&_motor_domain&Myosin_head&_motor_domain&Class_VI_myosin&_motor_domain&.&.&.&Myosin_head&_motor_domain&Myosin_head&_motor_domain&Myosin_head&_motor_domain&Class_VI_myosin&_motor_domain&Myosin_head&_motor_domain&Myosin_head&_motor_domain&Myosin_head&_motor_domain&Class_VI_myosin&_motor_domain,\N,32,\N,\N,MYO6,NM_001368865.1,c.535G>T,p.Asp179Tyr,535,missense,Likely pathogenic,Rare genetic deafness,0,0,0,1,0,0,0,False
1105414,6:76545674:G>T,76545674,NM_001368865.1,NM_001368865.1:c.553+1G>T,\N,\N,\N,7/35,Pathogenic,Hearing loss| progressive| late-onset,splice_donor_variant,HIGH,\N,\N,34,\N,\N,MYO6,NM_001368865.1,c.553+1G>T,\N,553,noncoding,Pathogenic,Hearing loss| progressive| late-onset,0,0,0,1,0,2,0,True
1105960,6:76550301:G>A,76550301,NM_001368865.1,NM_001368865.1:c.554-1G>A,\N,\N,\N,7/35,Pathogenic,Hearing loss| autosomal dominant,splice_acceptor_variant,HIGH,\N,\N,35,\N,\N,MYO6,NM_001368865.1,c.554-1G>A,\N,554,noncoding,Pathogenic,Hearing loss| autosomal dominant,0,0,0,1,0,1,0,True
1105968,6:76550324:TG>T,76550324,NM_001368865.1,NM_001368865.1:c.578del,NP_001355794.1:p.Gly193GlufsTer18,193,8/36,\N,Pathogenic,Hearing loss| progressive| late-onset,frameshift_variant,HIGH,\N,\N,\N,\N,\N,MYO6,NM_001368865.1,c.578del,p.Gly193GlufsTer18,578,stop,Pathogenic,Hearing loss| progressive| late-onset,0,0,0,1,0,2,0,True
1105969,6:76550332:C>A,76550332,NM_001368865.1,NM_001368865.1:c.584C>A,NP_001355794.1:p.Ala195Glu,195,8/36,\N,Pathogenic,Hearing impairment,missense_variant,MODERATE,Myosin_head&_motor_domain&Myosin_head&_motor_domain&Myosin_head&_motor_domain&Myosin_head&_motor_domain&Class_VI_myosin&_motor_domain&.&.&.&Myosin_head&_motor_domain&Myosin_head&_motor_domain&Myosin_head&_motor_domain&Myosin_head&_motor_domain&Class_VI_myosin&_motor_domain&Myosin_head&_motor_domain&Myosin_head&_motor_domain&Myosin_head&_motor_domain&Myosin_head&_motor_domain&Class_VI_myosin&_motor_domain,\N,26.7,\N,\N,MYO6,NM_001368865.1,c.584C>A,p.Ala195Glu,584,missense,Pathogenic,Hearing impairment,0,0,0,1,0,0,0,False
1105976,6:76550347:A>G,76550347,NM_001368865.1,NM_001368865.1:c.599A>G,NP_001355794.1:p.Asn200Ser,200,8/36,\N,Pathogenic,Hearing loss,missense_variant,MODERATE,Myosin_head&_motor_domain&Myosin_head&_motor_domain&Myosin_head&_motor_domain&Myosin_head&_motor_domain&Class_VI_myosin&_motor_domain&.&.&.&Myosin_head&_motor_domain&Myosin_head&_motor_domain&Myosin_head&_motor_domain&Myosin_head&_motor_domain&Class_VI_myosin&_motor_domain&Myosin_head&_motor_domain&Myosin_head&_motor_domain&Myosin_head&_motor_domain&Myosin_head&_motor_domain&Class_VI_myosin&_motor_domain,\N,24.8,\N,\N,MYO6,NM_001368865.1,c.599A>G,p.Asn200Ser,599,missense,Pathogenic,Hearing loss,0,0,0,1,0,0,0,False
1105984,6:76550361:C>T,76550361,NM_001368865.1,NM_001368865.1:c.613C>T,NP_001355794.1:p.Arg205Ter,205,8/36,\N,Pathogenic,Sensorineural hearing loss| nonsyndromic,stop_gained,HIGH,Myosin_head&_motor_domain&Myosin_head&_motor_domain&Myosin_head&_motor_domain&Myosin_head&_motor_domain&Class_VI_myosin&_motor_domain&.&.&.&Myosin_head&_motor_domain&Myosin_head&_motor_domain&Myosin_head&_motor_domain&Myosin_head&_motor_domain&Class_VI_myosin&_motor_domain&Myosin_head&_motor_domain&Myosin_head&_motor_domain&Myosin_head&_motor_domain&Myosin_head&_motor_domain&Class_VI_myosin&_motor_domain,\N,36,3.26712e-05,gnomad_AF_sas_pass,MYO6,NM_001368865.1,c.613C>T,p.Arg205Ter,613,stop,Pathogenic,Sensorineural hearing loss| nonsyndromic,0,0,0,1,0,1,0,True
1105985,6:76550362:G>A,76550362,NM_001368865.1,NM_001368865.1:c.614G>A,NP_001355794.1:p.Arg205Gln,205,8/36,\N,Pathogenic,Deafness,missense_variant,MODERATE,Myosin_head&_motor_domain&Myosin_head&_motor_domain&Myosin_head&_motor_domain&Myosin_head&_motor_domain&Class_VI_myosin&_motor_domain&.&.&.&Myosin_head&_motor_domain&Myosin_head&_motor_domain&Myosin_head&_motor_domain&Myosin_head&_motor_domain&Class_VI_myosin&_motor_domain&Myosin_head&_motor_domain&Myosin_head&_motor_domain&Myosin_head&_motor_domain&Myosin_head&_motor_domain&Class_VI_myosin&_motor_domain,\N,31,\N,\N,MYO6,NM_001368865.1,c.614G>A,p.Arg205Gln,614,missense,Pathogenic,Deafness,0,0,0,1,0,0,0,False
1105987,6:76550370:A>G,76550370,NM_001368865.1,NM_001368865.1:c.622A>G,NP_001355794.1:p.Lys208Glu,208,8/36,\N,Pathogenic,Hearing loss| non-syndromic| autosomal dominant,missense_variant,MODERATE,Myosin_head&_motor_domain&Myosin_head&_motor_domain&Myosin_head&_motor_domain&Myosin_head&_motor_domain&Class_VI_myosin&_motor_domain&.&.&.&Myosin_head&_motor_domain&Myosin_head&_motor_domain&Myosin_head&_motor_domain&Myosin_head&_motor_domain&Class_VI_myosin&_motor_domain&Myosin_head&_motor_domain&Myosin_head&_motor_domain&Myosin_head&_motor_domain&Myosin_head&_motor_domain&Class_VI_myosin&_motor_domain,\N,26.7,\N,\N,MYO6,NM_001368865.1,c.622A>G,p.Lys208Glu,622,missense,Pathogenic,Hearing loss| non-syndromic| autosomal dominant,0,0,0,1,0,2,0,True
1106058,6:76550946:G>A,76550946,NM_001368865.1,NM_001368865.1:c.667G>A,NP_001355794.1:p.Gly223Arg,223,9/36,\N,Pathogenic,Hearing loss| non-syndromic| autosomal dominant,missense_variant,MODERATE,Myosin_head&_motor_domain&Myosin_head&_motor_domain&Myosin_head&_motor_domain&Class_VI_myosin&_motor_domain&.&.&.&Myosin_head&_motor_domain&Myosin_head&_motor_domain&Myosin_head&_motor_domain&Class_VI_myosin&_motor_domain&Myosin_head&_motor_domain&Myosin_head&_motor_domain&Myosin_head&_motor_domain&Class_VI_myosin&_motor_domain,\N,29.9,\N,\N,MYO6,NM_001368865.1,c.667G>A,p.Gly223Arg,667,missense,Pathogenic,Hearing loss| non-syndromic| autosomal dominant,0,0,0,1,0,2,0,True
1106075,6:76551013:A>G,76551013,NM_001368865.1,NM_001368865.1:c.734A>G,NP_001355794.1:p.Tyr245Cys,245,9/36,\N,Pathogenic,Deafness| non-syndromic,missense_variant,MODERATE,Myosin_head&_motor_domain&Myosin_head&_motor_domain&Myosin_head&_motor_domain&Class_VI_myosin&_motor_domain&.&.&.&Myosin_head&_motor_domain&Myosin_head&_motor_domain&Myosin_head&_motor_domain&Class_VI_myosin&_motor_domain&Myosin_head&_motor_domain&Myosin_head&_motor_domain&Myosin_head&_motor_domain&Class_VI_myosin&_motor_domain,\N,27.3,\N,\N,MYO6,NM_001368865.1,c.734A>G,p.Tyr245Cys,734,missense,Pathogenic,Deafness| non-syndromic,0,0,0,1,0,1,0,True
1106077,6:76551016:A>G,76551016,NM_001368865.1,NM_001368865.1:c.737A>G,NP_001355794.1:p.His246Arg,246,9/36,\N,Pathogenic,DFNA22,missense_variant,MODERATE,Myosin_head&_motor_domain&Myosin_head&_motor_domain&Myosin_head&_motor_domain&Class_VI_myosin&_motor_domain&.&.&.&Myosin_head&_motor_domain&Myosin_head&_motor_domain&Myosin_head&_motor_domain&Class_VI_myosin&_motor_domain&Myosin_head&_motor_domain&Myosin_head&_motor_domain&Myosin_head&_motor_domain&Class_VI_myosin&_motor_domain,\N,25.0,3.26947e-05,gnomad_AF_sas_pass,MYO6,NM_001368865.1,c.737A>G,p.His246Arg,737,missense,Pathogenic,DFNA22,0,0,0,0,0,1,0,False
1106087,6:76551069:CATTTG>AA,76551069,NM_001368865.1,NM_001368865.1:c.790_795delinsAA,NP_001355794.1:p.His264LysfsTer10,264-265,9/36,\N,Pathogenic,\N,frameshift_variant,HIGH,\N,\N,32,\N,\N,MYO6,NM_001368865.1,c.790_795delinsAA,p.His264LysfsTer10,790,stop,Pathogenic,\N,0,0,0,0,0,0,1,False
1106463,6:76554613:G>A,76554613,NM_001368865.1,NM_001368865.1:c.817-1G>A,\N,\N,\N,9/35,Likely pathogenic,\N,splice_acceptor_variant,HIGH,\N,\N,33,\N,\N,MYO6,NM_001368865.1,c.817-1G>A,\N,817,noncoding,Likely pathogenic,\N,0,0,0,0,0,0,1,False
1106464,6:76554623:C>T,76554623,NM_001368865.1,NM_001368865.1:c.826C>T,NP_001355794.1:p.Arg276Ter,276,10/36,\N,Pathogenic,Hearing loss,stop_gained,HIGH,Myosin_head&_motor_domain&Myosin_head&_motor_domain&Myosin_head&_motor_domain&Class_VI_myosin&_motor_domain&.&.&.&Myosin_head&_motor_domain&Myosin_head&_motor_domain&Myosin_head&_motor_domain&Class_VI_myosin&_motor_domain&Myosin_head&_motor_domain&Myosin_head&_motor_domain&Myosin_head&_motor_domain&Class_VI_myosin&_motor_domain,\N,38,8.68056e-05,gnomad_AF_amr_pass,MYO6,NM_001368865.1,c.826C>T,p.Arg276Ter,826,stop,Pathogenic,Hearing loss,0,0,0,1,0,0,0,False
1106470,6:76554659:GACAA>G,76554659,NM_001368865.1,NM_001368865.1:c.866_869del,NP_001355794.1:p.Lys289ArgfsTer17,288-289,10/36,\N,Pathogenic,Hearing loss| non-syndromic| autosomal dominant,frameshift_variant,HIGH,\N,\N,32,8.80949e-06,gnomad_AF_nfe_pass,MYO6,NM_001368865.1,c.866_869del,p.Lys289ArgfsTer17,866,stop,Pathogenic,Hearing loss| non-syndromic| autosomal dominant,0,0,0,1,0,2,0,True
1106475,6:76554678:ACCGCAAAAGT>A,76554678,NM_001368865.1,NM_001368865.1:c.884_893del,NP_001355794.1:p.Arg295LeufsTer9,294-297,10/36,\N,Pathogenic,Hearing loss,frameshift_variant,HIGH,\N,\N,\N,\N,\N,MYO6,NM_001368865.1,c.884_893del,p.Arg295LeufsTer9,884,stop,Pathogenic,Hearing loss,0,0,0,1,0,0,0,False
1106482,6:76554694:G>T,76554694,NM_001368865.1,NM_001368865.1:c.897G>T,NP_001355794.1:p.Glu299Asp,299,10/36,\N,Pathogenic,Hearing loss| non-syndromic,missense_variant&splice_region_variant,MODERATE,Myosin_head&_motor_domain&Myosin_head&_motor_domain&Myosin_head&_motor_domain&Class_VI_myosin&_motor_domain&.&.&.&Myosin_head&_motor_domain&Myosin_head&_motor_domain&Myosin_head&_motor_domain&Class_VI_myosin&_motor_domain&Myosin_head&_motor_domain&Myosin_head&_motor_domain&Myosin_head&_motor_domain&Class_VI_myosin&_motor_domain,\N,35,\N,\N,MYO6,NM_001368865.1,c.897G>T,p.Glu299Asp,897,missense,Pathogenic,Hearing loss| non-syndromic,0,0,0,1,0,1,0,True
1106483,6:76554696:T>C,76554696,NM_001368865.1,NM_001368865.1:c.897+2T>C,\N,\N,\N,10/35,Pathogenic,Hearing loss| sensorineural,splice_donor_variant,HIGH,\N,\N,33,\N,\N,MYO6,NM_001368865.1,c.897+2T>C,\N,897,noncoding,Pathogenic,Hearing loss| sensorineural,0,0,0,1,0,1,0,True
1106887,6:76558185:C>T,76558185,NM_001368865.1,NM_001368865.1:c.1015C>T,NP_001355794.1:p.Arg339Trp,339,11/36,\N,Pathogenic,Deafness| non-syndromic,missense_variant,MODERATE,Myosin_head&_motor_domain&Myosin_head&_motor_domain&Myosin_head&_motor_domain&Class_VI_myosin&_motor_domain&.&.&.&Myosin_head&_motor_domain&Myosin_head&_motor_domain&Myosin_head&_motor_domain&Class_VI_myosin&_motor_domain&Myosin_head&_motor_domain&Myosin_head&_motor_domain&Myosin_head&_motor_domain&Class_VI_myosin&_motor_domain,\N,28.9,3.26691e-05,gnomad_AF_sas_pass,MYO6,NM_001368865.1,c.1015C>T,p.Arg339Trp,1015,missense,Pathogenic,Deafness| non-syndromic,0,0,0,1,0,1,0,True
1107603,6:76564854:A>G,76564854,NM_001368865.1,NM_001368865.1:c.1079-2A>G,\N,\N,\N,11/35,Pathogenic,Hearing loss| progressive| late-onset,splice_acceptor_variant,HIGH,\N,\N,33,\N,\N,MYO6,NM_001368865.1,c.1079-2A>G,\N,1079,noncoding,Pathogenic,Hearing loss| progressive| late-onset,0,0,0,1,0,2,0,True
1107621,6:76564936:C>T,76564936,NM_001368865.1,NM_001368865.1:c.1159C>T,NP_001355794.1:p.Arg387Ter,387,12/36,\N,Likely pathogenic,\N,stop_gained,HIGH,Myosin_head&_motor_domain&Myosin_head&_motor_domain&Myosin_head&_motor_domain&Class_VI_myosin&_motor_domain&.&.&.&Myosin_head&_motor_domain&Myosin_head&_motor_domain&Myosin_head&_motor_domain&Class_VI_myosin&_motor_domain&Myosin_head&_motor_domain&Myosin_head&_motor_domain&Myosin_head&_motor_domain&Class_VI_myosin&_motor_domain,\N,39,8.82021e-06,gnomad_AF_nfe_pass,MYO6,NM_001368865.1,c.1159C>T,p.Arg387Ter,1159,stop,Likely pathogenic,\N,0,0,0,0,0,0,1,False
1107638,6:76564986:AG>A,76564986,NM_001368865.1,NM_001368865.1:c.1211del,NP_001355794.1:p.Gly404GlufsTer4,404,12/36,\N,Likely pathogenic,Hearing loss,frameshift_variant,HIGH,\N,\N,34,\N,\N,MYO6,NM_001368865.1,c.1211del,p.Gly404GlufsTer4,1211,stop,Likely pathogenic,Hearing loss,0,0,0,1,0,0,0,False
1107854,6:76566915:G>A,76566915,NM_001368865.1,NM_001368865.1:c.1325G>A,NP_001355794.1:p.Cys442Tyr,442,13/36,\N,Pathogenic,Deafness| autosomal dominant 22,missense_variant,MODERATE,Myosin_head&_motor_domain&Myosin_head&_motor_domain&Myosin_head&_motor_domain&Class_VI_myosin&_motor_domain&.&.&.&Myosin_head&_motor_domain&Myosin_head&_motor_domain&Myosin_head&_motor_domain&Class_VI_myosin&_motor_domain&Myosin_head&_motor_domain&Myosin_head&_motor_domain&Myosin_head&_motor_domain&Class_VI_myosin&_motor_domain,\N,28.9,\N,\N,MYO6,NM_001368865.1,c.1325G>A,p.Cys442Tyr,1325,missense,Pathogenic,Deafness| autosomal dominant 22,0,0,0,1,0,1,0,True
1107863,6:76566966:G>A,76566966,NM_001368865.1,NM_001368865.1:c.1376G>A,NP_001355794.1:p.Gly459Asp,459,13/36,\N,Likely pathogenic,Hearing loss| progressive| late-onset,missense_variant,MODERATE,Myosin_head&_motor_domain&Myosin_head&_motor_domain&Myosin_head&_motor_domain&Myosin_head&_motor_domain&Class_VI_myosin&_motor_domain&.&.&.&Myosin_head&_motor_domain&Myosin_head&_motor_domain&Myosin_head&_motor_domain&Myosin_head&_motor_domain&Class_VI_myosin&_motor_domain&Myosin_head&_motor_domain&Myosin_head&_motor_domain&Myosin_head&_motor_domain&Myosin_head&_motor_domain&Class_VI_myosin&_motor_domain,\N,28.4,\N,\N,MYO6,NM_001368865.1,c.1376G>A,p.Gly459Asp,1376,missense,Likely pathogenic,Hearing loss| progressive| late-onset,0,0,0,1,0,2,0,True
1108046,6:76568683:A>AT,76568683,NM_001368865.1,NM_001368865.1:c.1452dup,NP_001355794.1:p.Asn485Ter,482-483,14/36,\N,Pathogenic,Deafness| non-syndromic,frameshift_variant,HIGH,\N,\N,\N,\N,\N,MYO6,NM_001368865.1,c.1452dup,p.Asn485Ter,1452,stop,Pathogenic,Deafness| non-syndromic,0,0,0,1,0,1,0,True
1108054,6:76568710:GGT>C,76568710,NM_001368865.1,NM_001368865.1:c.1473_1473+2delinsC,\N,491-?,14/36,14/35,Pathogenic,Deafness| autosomal dominant 22,splice_donor_variant&coding_sequence_variant,HIGH,\N,\N,32,\N,\N,MYO6,NM_001368865.1,c.1473_1473+2delinsC,\N,1473,noncoding,Pathogenic,Deafness| autosomal dominant 22,0,0,0,1,0,1,0,True
1108293,6:76570741:AACAAGAACTCT>A,76570741,NM_001368865.1,NM_001368865.1:c.1477_1487del,NP_001355794.1:p.Gln493SerfsTer8,492-496,15/36,\N,Pathogenic,Deafness| non-syndromic| autosomal recessive,frameshift_variant&splice_region_variant,HIGH,\N,\N,\N,\N,\N,MYO6,NM_001368865.1,c.1477_1487del,p.Gln493SerfsTer8,1477,stop,Pathogenic,Deafness| non-syndromic| autosomal recessive,0,0,0,1,0,2,0,True
1108308,6:76570813:G>T,76570813,NM_001368865.1,NM_001368865.1:c.1546+1G>T,\N,\N,\N,15/35,Pathogenic,Hearing loss| autosomal dominant,splice_donor_variant,HIGH,\N,\N,35,\N,\N,MYO6,NM_001368865.1,c.1546+1G>T,\N,1546,noncoding,Pathogenic,Hearing loss| autosomal dominant,0,0,0,1,0,1,0,True
1108468,6:76572336:G>T,76572336,NM_001368865.1,NM_001368865.1:c.1570G>T,NP_001355794.1:p.Gly524Ter,524,16/36,\N,Pathogenic,ADNSHL| DFNA22,stop_gained,HIGH,Myosin_head&_motor_domain&Myosin_head&_motor_domain&Myosin_head&_motor_domain&Myosin_head&_motor_domain&Class_VI_myosin&_motor_domain&.&.&.&Myosin_head&_motor_domain&Myosin_head&_motor_domain&Myosin_head&_motor_domain&Myosin_head&_motor_domain&Class_VI_myosin&_motor_domain&Myosin_head&_motor_domain&Myosin_head&_motor_domain&Myosin_head&_motor_domain&Myosin_head&_motor_domain&Class_VI_myosin&_motor_domain,\N,40,\N,\N,MYO6,NM_001368865.1,c.1570G>T,p.Gly524Ter,1570,stop,Pathogenic,ADNSHL| DFNA22,0,0,0,0,0,2,0,False
1108968,6:76576241:A>C,76576241,NM_001368865.1,NM_001368865.1:c.1675-2A>C,\N,\N,\N,16/35,Pathogenic,Hearing impairment,splice_acceptor_variant,HIGH,\N,\N,36,\N,\N,MYO6,NM_001368865.1,c.1675-2A>C,\N,1675,noncoding,Pathogenic,Hearing impairment,0,0,0,1,0,0,0,False
1108985,6:76576292:AAGGCTTCATTATC>A,76576292,NM_001368865.1,NM_001368865.1:c.1729_1741del,NP_001355794.1:p.Phe577IlefsTer28,575-579,17/36,\N,Pathogenic,Hearing loss,frameshift_variant,HIGH,\N,\N,\N,\N,\N,MYO6,NM_001368865.1,c.1729_1741del,p.Phe577IlefsTer28,1729,stop,Pathogenic,Hearing loss,0,0,0,1,0,0,0,False
1109088,6:76576774:AC>A,76576774,NM_001368865.1,NM_001368865.1:c.1897del,NP_001355794.1:p.Gln633LysfsTer19,633,18/36,\N,Pathogenic,Hearing impairment,frameshift_variant,HIGH,\N,\N,\N,\N,\N,MYO6,NM_001368865.1,c.1897del,p.Gln633LysfsTer19,1897,stop,Pathogenic,Hearing impairment,0,0,0,1,0,0,0,False
1109478,6:76580362:A>G,76580362,NM_001368865.1,NM_001368865.1:c.1945-2A>G,\N,\N,\N,18/35,Likely pathogenic,\N,splice_acceptor_variant,HIGH,\N,\N,35,\N,\N,MYO6,NM_001368865.1,c.1945-2A>G,\N,1945,noncoding,Likely pathogenic,\N,0,0,0,0,0,0,1,False
1109484,6:76580394:C>T,76580394,NM_001368865.1,NM_001368865.1:c.1975C>T,NP_001355794.1:p.Arg659Ter,659,19/36,\N,Pathogenic,Deafness,stop_gained,HIGH,Myosin_head&_motor_domain&Myosin_head&_motor_domain&Myosin_head&_motor_domain&Class_VI_myosin&_motor_domain&.&.&.&Myosin_head&_motor_domain&Myosin_head&_motor_domain&Myosin_head&_motor_domain&Class_VI_myosin&_motor_domain&Myosin_head&_motor_domain&Myosin_head&_motor_domain&Myosin_head&_motor_domain&Class_VI_myosin&_motor_domain,\N,46,\N,\N,MYO6,NM_001368865.1,c.1975C>T,p.Arg659Ter,1975,stop,Pathogenic,Deafness,0,0,0,1,0,0,0,False
1109486,6:76580403:G>A,76580403,NM_001368865.1,NM_001368865.1:c.1983+1G>A,\N,\N,\N,19/35,Pathogenic,Intractable seizure and prelingual hearing loss,splice_donor_variant,HIGH,\N,\N,35,\N,\N,MYO6,NM_001368865.1,c.1983+1G>A,\N,1983,noncoding,Pathogenic,Intractable seizure and prelingual hearing loss,0,0,0,1,0,0,0,False
1109772,6:76583020:A>G,76583020,NM_001368865.1,NM_001368865.1:c.2077+3A>G,\N,\N,\N,20/35,Pathogenic,Hearing loss| progressive| late-onset,splice_region_variant&intron_variant,LOW,\N,\N,23.4,\N,\N,MYO6,NM_001368865.1,c.2077+3A>G,\N,2077,noncoding,Pathogenic,Hearing loss| progressive| late-onset,0,0,0,1,0,2,0,True
1110438,6:76589568:T>TG,76589568,NM_001368865.1,NM_001368865.1:c.2111dup,NP_001355794.1:p.Tyr705LeufsTer9,703-704,21/36,\N,Likely pathogenic,Hearing loss| non-syndromic,frameshift_variant,HIGH,\N,\N,\N,\N,\N,MYO6,NM_001368865.1,c.2111dup,p.Tyr705LeufsTer9,2111,stop,Likely pathogenic,Hearing loss| non-syndromic,0,0,0,1,0,1,0,True
1110439,6:76589570:G>A,76589570,NM_001368865.1,NM_001368865.1:c.2111G>A,NP_001355794.1:p.Gly704Asp,704,21/36,\N,Pathogenic,Hearing loss| non-syndromic| autosomal dominant,missense_variant,MODERATE,Myosin_head&_motor_domain&Myosin_head&_motor_domain&Myosin_head&_motor_domain&Class_VI_myosin&_motor_domain&.&.&.&Myosin_head&_motor_domain&Myosin_head&_motor_domain&Myosin_head&_motor_domain&Class_VI_myosin&_motor_domain&Myosin_head&_motor_domain&Myosin_head&_motor_domain&Myosin_head&_motor_domain&Class_VI_myosin&_motor_domain,\N,26.9,\N,\N,MYO6,NM_001368865.1,c.2111G>A,p.Gly704Asp,2111,missense,Pathogenic,Hearing loss| non-syndromic| autosomal dominant,0,0,0,1,0,2,0,True
1110473,6:76589758:A>G,76589758,NM_001368865.1,NM_001368865.1:c.2209-2A>G,\N,\N,\N,21/35,Pathogenic,Hearing loss| progressive| late-onset,splice_acceptor_variant,HIGH,\N,\N,35,\N,\N,MYO6,NM_001368865.1,c.2209-2A>G,\N,2209,noncoding,Pathogenic,Hearing loss| progressive| late-onset,0,0,0,1,0,2,0,True
1110650,6:76591404:A>G,76591404,NM_001368865.1,NM_001368865.1:c.2287-2A>G,\N,\N,\N,22/35,Pathogenic,Hearing loss| sensorineural,splice_acceptor_variant,HIGH,\N,\N,35,\N,\N,MYO6,NM_001368865.1,c.2287-2A>G,\N,2287,noncoding,Pathogenic,Hearing loss| sensorineural,0,0,0,1,0,1,0,True
1110677,6:76591498:G>A,76591498,NM_001368865.1,NM_001368865.1:c.2379G>A,NP_001355794.1:p.Trp793Ter,793,23/36,\N,Pathogenic,Hearing loss| non-syndromic| autosomal recessive,stop_gained,HIGH,N&.&.&.&.&.,\N,42,\N,\N,MYO6,NM_001368865.1,c.2379G>A,p.Trp793Ter,2379,stop,Pathogenic,Hearing loss| non-syndromic| autosomal recessive,0,0,0,1,0,2,0,True
1110686,6:76591540:G>A,76591540,NM_001368865.1,NM_001368865.1:c.2416+5G>A,\N,\N,\N,23/35,Pathogenic,Hearing loss| progressive| late-onset,splice_region_variant&intron_variant,LOW,\N,\N,25.6,\N,\N,MYO6,NM_001368865.1,c.2416+5G>A,\N,2416,noncoding,Pathogenic,Hearing loss| progressive| late-onset,0,0,0,1,0,2,0,True
1110900,6:76593963:T>G,76593963,NM_001368865.1,NM_001368865.1:c.2417-1758T>G,\N,\N,\N,23/35,Pathogenic,Hearing loss| autosomal dominant,intron_variant,MODIFIER,\N,\N,9.402,\N,\N,MYO6,NM_001368865.1,c.2417-1758T>G,\N,2417,noncoding,Pathogenic,Hearing loss| autosomal dominant,0,0,0,1,0,1,0,True
1111111,6:76595742:G>C,76595742,NM_001368865.1,NM_001368865.1:c.2438G>C,NP_001355794.1:p.Arg813Pro,813,24/36,\N,Likely pathogenic,Hearing loss| progressive| late-onset,missense_variant,MODERATE,N&.&.&.&.&.,\N,31,\N,\N,MYO6,NM_001368865.1,c.2438G>C,p.Arg813Pro,2438,missense,Likely pathogenic,Hearing loss| progressive| late-onset,0,0,0,1,0,2,0,True
1111115,6:76595765:CA>C,76595765,NM_001368865.1,NM_001368865.1:c.2467del,NP_001355794.1:p.Thr823LeufsTer24,821,24/36,\N,Pathogenic,Hearing loss| non-syndromic| autosomal dominant,frameshift_variant,HIGH,\N,\N,\N,\N,\N,MYO6,NM_001368865.1,c.2467del,p.Thr823LeufsTer24,2467,stop,Pathogenic,Hearing loss| non-syndromic| autosomal dominant,0,0,0,1,0,2,0,True
1111120,6:76595777:C>T,76595777,NM_001368865.1,NM_001368865.1:c.2473C>T,NP_001355794.1:p.Arg825Ter,825,24/36,\N,Pathogenic,Hearing loss| non-syndromic| autosomal dominant,stop_gained,HIGH,N&.&.&.&.&.,\N,38,\N,\N,MYO6,NM_001368865.1,c.2473C>T,p.Arg825Ter,2473,stop,Pathogenic,Hearing loss| non-syndromic| autosomal dominant,0,0,0,1,0,2,0,True
1111129,6:76595811:G>A,76595811,NM_001368865.1,NM_001368865.1:c.2507G>A,NP_001355794.1:p.Arg836His,836,24/36,\N,Pathogenic,Hearing loss| non-syndromic,missense_variant&splice_region_variant,MODERATE,N&.&.&.&.&.,\N,36,\N,\N,MYO6,NM_001368865.1,c.2507G>A,p.Arg836His,2507,missense,Pathogenic,Hearing loss| non-syndromic,0,0,0,1,0,1,0,True
1111207,6:76596591:G>GA,76596591,NM_001368865.1,NM_001368865.1:c.2544dup,NP_001355794.1:p.Arg849ThrfsTer3,846-847,25/36,\N,Pathogenic,Deafness| autosomal dominant 22,frameshift_variant,HIGH,\N,\N,\N,\N,\N,MYO6,NM_001368865.1,c.2544dup,p.Arg849ThrfsTer3,2544,stop,Pathogenic,Deafness| autosomal dominant 22,0,0,0,1,0,1,0,True
1111209,6:76596598:C>T,76596598,NM_001368865.1,NM_001368865.1:c.2545C>T,NP_001355794.1:p.Arg849Ter,849,25/36,\N,Pathogenic,Deafness| autosomal dominant 22,stop_gained,HIGH,N&.&.&.&.&.,\N,39,5.43715e-05,gnomad_AF_eas_pass,MYO6,NM_001368865.1,c.2545C>T,p.Arg849Ter,2545,stop,Pathogenic,Deafness| autosomal dominant 22,0,0,0,1,0,1,0,True
1111216,6:76596616:G>GT,76596616,NM_001368865.1,NM_001368865.1:c.2563_2564insT,NP_001355794.1:p.Glu855ValfsTer15,855,25/36,\N,Pathogenic,Hearing loss| progressive| late-onset,frameshift_variant,HIGH,\N,\N,\N,\N,\N,MYO6,NM_001368865.1,c.2563_2564insT,p.Glu855ValfsTer15,2563,stop,Pathogenic,Hearing loss| progressive| late-onset,0,0,0,1,0,2,0,True
1111690,6:76599832:C>A,76599832,NM_001368865.1,NM_001368865.1:c.2717C>A,NP_001355794.1:p.Ser906Ter,906,26/36,\N,Pathogenic,DFNA22/DFNB37,stop_gained,HIGH,N&.&.&.&.&.,\N,39,\N,\N,MYO6,NM_001368865.1,c.2717C>A,p.Ser906Ter,2717,stop,Pathogenic,DFNA22/DFNB37,0,0,0,0,0,1,0,False
1111700,6:76599857:G>GA,76599857,NM_001368865.1,NM_001368865.1:c.2751dup,NP_001355794.1:p.Gln918ThrfsTer24,914-915,26/36,\N,Pathogenic,DFNA22,frameshift_variant,HIGH,\N,\N,33,\N,\N,MYO6,NM_001368865.1,c.2751dup,p.Gln918ThrfsTer24,2751,stop,Pathogenic,DFNA22,0,0,0,0,0,1,0,False
1111701,6:76599857:G>GGA,76599857,NM_001368865.1,NM_001368865.1:c.2742_2743insGA,NP_001355794.1:p.Lys915GlufsTer13,914-915,26/36,\N,Pathogenic,Hearing loss| non-syndromic,frameshift_variant,HIGH,\N,\N,\N,\N,\N,MYO6,NM_001368865.1,c.2742_2743insGA,p.Lys915GlufsTer13,2742,stop,Pathogenic,Hearing loss| non-syndromic,0,0,0,1,0,1,0,True
1111713,6:76599892:T>A,76599892,NM_001368865.1,NM_001368865.1:c.2777T>A,NP_001355794.1:p.Leu926Gln,926,26/36,\N,Pathogenic,Hearing loss| non-syndromic,missense_variant,MODERATE,N&.&.&.&.&.,\N,28.5,\N,\N,MYO6,NM_001368865.1,c.2777T>A,p.Leu926Gln,2777,missense,Pathogenic,Hearing loss| non-syndromic,0,0,0,1,0,1,0,True
1111716,6:76599897:C>T,76599897,NM_001368865.1,NM_001368865.1:c.2782C>T,NP_001355794.1:p.Arg928Cys,928,26/36,\N,Pathogenic,Hearing loss| non-syndromic,missense_variant,MODERATE,N&.&.&.&.&.,\N,25.1,6.2004e-05,gnomad_AF_afr_pass,MYO6,NM_001368865.1,c.2782C>T,p.Arg928Cys,2782,missense,Pathogenic,Hearing loss| non-syndromic,0,0,0,1,0,1,0,True
1111724,6:76599925:GAA>G,76599925,NM_001368865.1,NM_001368865.1:c.2814_2815del,NP_001355794.1:p.Arg939ThrfsTer2,937-938,26/36,\N,Pathogenic,Hearing loss| non-syndromic| autosomal dominant,frameshift_variant,HIGH,\N,\N,32,8.81461e-06,gnomad_AF_nfe_pass,MYO6,NM_001368865.1,c.2814_2815del,p.Arg939ThrfsTer2,2814,stop,Pathogenic,Hearing loss| non-syndromic| autosomal dominant,0,0,0,1,0,2,0,True
1111739,6:76599954:C>T,76599954,NM_001368865.1,NM_001368865.1:c.2839C>T,NP_001355794.1:p.Arg947Ter,947,26/36,\N,Likely pathogenic,Hearing loss| progressive| late-onset,stop_gained,HIGH,N&.&.&.&.&.&.,\N,37,\N,\N,MYO6,NM_001368865.1,c.2839C>T,p.Arg947Ter,2839,stop,Likely pathogenic,Hearing loss| progressive| late-onset,0,0,0,1,0,2,0,True
1111869,6:76600973:CAAG>C,76600973,NM_001368865.1,NM_001368865.1:c.2907_2909del,NP_001355794.1:p.Glu970del,966-967,27/36,\N,Pathogenic,Hearing loss| non-syndromic,inframe_deletion,MODERATE,\N,\N,22.1,0.000826164,gnomad_AF_amr_pass,MYO6,NM_001368865.1,c.2907_2909del,p.Glu970del,2907,infdel,Pathogenic,Hearing loss| non-syndromic,0,0,0,1,0,1,0,True
1111879,6:76601021:C>T,76601021,NM_001368865.1,NM_001368865.1:c.2944C>T,NP_001355794.1:p.Gln982Ter,982,27/36,\N,Pathogenic,Deafness| non-syndromic,stop_gained&splice_region_variant,HIGH,N&.&.&.&.&.&.,\N,45,\N,\N,MYO6,NM_001368865.1,c.2944C>T,p.Gln982Ter,2944,stop,Pathogenic,Deafness| non-syndromic,0,0,0,1,0,1,0,True
1112036,6:76602271:C>T,76602271,NM_001368865.1,NM_001368865.1:c.2971C>T,NP_001355794.1:p.Arg991Ter,991,28/36,\N,Pathogenic,Hearing loss| non-syndromic| autosomal dominant,stop_gained,HIGH,N&.&.&.&.&.&.,\N,32,\N,\N,MYO6,NM_001368865.1,c.2971C>T,p.Arg991Ter,2971,stop,Pathogenic,Hearing loss| non-syndromic| autosomal dominant,0,0,0,1,0,2,0,True
1112045,6:76602298:C>T,76602298,NM_001368865.1,NM_001368865.1:c.2998C>T,NP_001355794.1:p.Gln1000Ter,1000,28/36,\N,Pathogenic,Hearing loss| autosomal dominant,stop_gained,HIGH,N&.&.&.&.&.&.,\N,41,\N,\N,MYO6,NM_001368865.1,c.2998C>T,p.Gln1000Ter,2998,stop,Pathogenic,Hearing loss| autosomal dominant,0,0,0,1,0,1,0,True
1112049,6:76602313:C>T,76602313,NM_001368865.1,NM_001368865.1:c.3013C>T,NP_001355794.1:p.Gln1005Ter,1005,28/36,\N,Pathogenic,Hearing loss,stop_gained,HIGH,N&.&.&.&.&.&.,\N,43,\N,\N,MYO6,NM_001368865.1,c.3013C>T,p.Gln1005Ter,3013,stop,Pathogenic,Hearing loss,0,0,0,1,0,0,0,False
1114010,6:76617352:TGCTGG>ATCCTACATACTTAAAATTTCTT,76617352,NM_001368865.1,NM_001368865.1:c.3234_3239delinsATCCTACATACTTAAAATTTCTT,NP_001355794.1:p.Ala1079SerfsTer46,1078-1080,32/36,\N,Likely pathogenic,Rare genetic deafness,frameshift_variant,HIGH,\N,\N,34,\N,\N,MYO6,NM_001368865.1,c.3234_3239delinsATCCTACATACTTAAAATTTCTT,p.Ala1079SerfsTer46,3234,stop,Likely pathogenic,Rare genetic deafness,0,0,0,1,0,0,0,False
1114189,6:76618267:A>G,76618267,NM_001368865.1,NM_001368865.1:c.3362A>G,NP_001355794.1:p.Tyr1121Cys,1121,33/36,\N,Pathogenic,Hearing impairment,missense_variant,MODERATE,N&.&.&.&.&.&.,\N,25.0,2.89101e-05,gnomad_AF_amr_pass,MYO6,NM_001368865.1,c.3362A>G,p.Tyr1121Cys,3362,missense,Pathogenic,Hearing impairment,0,0,0,1,0,0,0,False
1114192,6:76618271:T>TG,76618271,NM_001368865.1,NM_001368865.1:c.3367dup,NP_001355794.1:p.Ala1123GlyfsTer5,1122-1123,33/36,\N,Pathogenic,Hearing loss,frameshift_variant,HIGH,\N,\N,32,\N,\N,MYO6,NM_001368865.1,c.3367dup,p.Ala1123GlyfsTer5,3367,stop,Pathogenic,Hearing loss,0,0,0,1,0,0,0,False
1114196,6:76618293:A>T,76618293,NM_001368865.1,NM_001368865.1:c.3388A>T,NP_001355794.1:p.Lys1130Ter,1130,33/36,\N,Pathogenic,Hearing loss| sensorineural,stop_gained,HIGH,N&.&.&.&.&.,\N,44,\N,\N,MYO6,NM_001368865.1,c.3388A>T,p.Lys1130Ter,3388,stop,Pathogenic,Hearing loss| sensorineural,0,0,0,1,0,1,0,True
1114206,6:76618323:C>T,76618323,NM_001368865.1,NM_001368865.1:c.3418C>T,NP_001355794.1:p.Pro1140Ser,1140,33/36,\N,Pathogenic,Hearing loss,missense_variant,MODERATE,N&.&.&.&.&.,\N,27.8,8.79662e-06,gnomad_AF_nfe_pass,MYO6,NM_001368865.1,c.3418C>T,p.Pro1140Ser,3418,missense,Pathogenic,Hearing loss,0,0,0,1,0,0,0,False
1114207,6:76618324:CA>C,76618324,NM_001368865.1,NM_001368865.1:c.3422del,NP_001355794.1:p.Lys1141SerfsTer12,1140,33/36,\N,Pathogenic,Hearing impairment,frameshift_variant,HIGH,\N,\N,\N,\N,\N,MYO6,NM_001368865.1,c.3422del,p.Lys1141SerfsTer12,3422,stop,Pathogenic,Hearing impairment,0,0,0,1,0,0,0,False
1114750,6:76623836:C>T,76623836,NM_001368865.1,NM_001368865.1:c.3523C>T,NP_001355794.1:p.Arg1175Ter,1175,35/36,\N,Pathogenic,Deafness| autosomal recessive,stop_gained,HIGH,N&.&.&.&.&.,\N,41,\N,\N,MYO6,NM_001368865.1,c.3523C>T,p.Arg1175Ter,3523,stop,Pathogenic,Deafness| autosomal recessive,0,0,0,1,0,1,0,True
1114759,6:76623855:G>A,76623855,NM_001368865.1,NM_001368865.1:c.3542G>A,NP_001355794.1:p.Arg1181His,1181,35/36,\N,Pathogenic,Hearing loss| non-syndromic| autosomal recessive,missense_variant,MODERATE,Myosin_VI&_cargo_binding_domain&.&.&.&Myosin_VI&_cargo_binding_domain&Myosin_VI&_cargo_binding_domain,\N,32,5.78269e-05,gnomad_AF_amr_pass,MYO6,NM_001368865.1,c.3542G>A,p.Arg1181His,3542,missense,Pathogenic,Hearing loss| non-syndromic| autosomal recessive,0,0,0,1,0,2,0,True
1114871,6:76624528:A>G,76624528,NM_001368865.1,NM_001368865.1:c.3686-2A>G,\N,\N,\N,35/35,Pathogenic,Hearing loss| progressive| late-onset,splice_acceptor_variant,HIGH,\N,\N,33,\N,\N,MYO6,NM_001368865.1,c.3686-2A>G,\N,3686,noncoding,Pathogenic,Hearing loss| progressive| late-onset,0,0,0,1,0,2,0,True
1114893,6:76624606:GC>G,76624606,NM_001368865.1,NM_001368865.1:c.3764del,NP_001355794.1:p.Pro1255GlnfsTer39,1255,36/36,\N,Pathogenic,Hearing impairment,frameshift_variant,HIGH,\N,\N,\N,\N,\N,MYO6,NM_001368865.1,c.3764del,p.Pro1255GlnfsTer39,3764,stop,Pathogenic,Hearing impairment,0,0,0,1,0,0,0,False
1114898,6:76624617:T>C,76624617,NM_001368865.1,NM_001368865.1:c.3773T>C,NP_001355794.1:p.Phe1258Ser,1258,36/36,\N,Likely pathogenic,Hearing loss| progressive| late-onset,missense_variant,MODERATE,Myosin_VI&_cargo_binding_domain&.&.&.&Myosin_VI&_cargo_binding_domain&Myosin_VI&_cargo_binding_domain,\N,26.1,\N,\N,MYO6,NM_001368865.1,c.3773T>C,p.Phe1258Ser,3773,missense,Likely pathogenic,Hearing loss| progressive| late-onset,0,0,0,1,0,2,0,True
1114905,6:76624635:GC>G,76624635,NM_001368865.1,NM_001368865.1:c.3792del,NP_001355794.1:p.Cys1265ValfsTer29,1264,36/36,\N,Pathogenic,Deafness| autosomal dominant 22,frameshift_variant,HIGH,\N,\N,\N,\N,\N,MYO6,NM_001368865.1,c.3792del,p.Cys1265ValfsTer29,3792,stop,Pathogenic,Deafness| autosomal dominant 22,0,0,0,1,0,1,0,True
1114921,6:76624685:C>T,76624685,NM_001368865.1,NM_001368865.1:c.3841C>T,NP_001355794.1:p.Arg1281Trp,1281,36/36,\N,Pathogenic,Deafness,missense_variant,MODERATE,N&.&.&.&.&.,\N,22.9,0.000100271,gnomad_AF_eas_pass,MYO6,NM_001368865.1,c.3841C>T,p.Arg1281Trp,3841,missense,Pathogenic,Deafness,0,0,0,1,0,0,0,False
