  id,variation,pos,vep_feature,vep_hgvs_c,vep_hgvs_p,vep_protein_pos,vep_exon,vep_intron,final_pathogenicity,final_disease,vep_consequence,vep_impact,dbnsfp_interpro_domain,vep_motif_name,vep_cadd_phred,overall_max_maf,overall_max_maf_source,gene,refseq,variant,p_change,v_origin,p_change_class,pathogenicity,conditions
2335382,19:50713642:C>A,50713642,NM_001145809.2,NM_001145809.2:c.20C>A,NP_001139281.1:p.Ser7Ter,7,2/43,\N,Pathogenic,Hearing impairment,stop_gained,HIGH,N&.&.&.&.&.&.&.,\N,35,\N,\N,MYH14,NM_001145809.2,c.20C>A,p.Ser7Ter,20,stop,Pathogenic,Hearing impairment
2335416,19:50713695:C>T,50713695,NM_001145809.2,NM_001145809.2:c.73C>T,NP_001139281.1:p.Gln25Ter,25,2/43,\N,Pathogenic,Hearing loss| non-syndromic| autosomal dominant,stop_gained,HIGH,N&.&.&.&.&.&.&.,\N,36,\N,\N,MYH14,NM_001145809.2,c.73C>T,p.Gln25Ter,73,stop,Pathogenic,Hearing loss| non-syndromic| autosomal dominant
2335533,19:50713981:C>T,50713981,NM_001145809.2,NM_001145809.2:c.359C>T,NP_001139281.1:p.Ser120Leu,120,2/43,\N,Pathogenic,Hearing impairment,missense_variant,MODERATE,N&.&Myosin_head&_motor_domain&Myosin_head&_motor_domain&Myosin_head&_motor_domain&.&Myosin_head&_motor_domain&Myosin_head&_motor_domain&Myosin_head&_motor_domain&.&Myosin_head&_motor_domain&Myosin_head&_motor_domain&Myosin_head&_motor_domain&Myosin_head&_motor_domain,\N,27.6,\N,\N,MYH14,NM_001145809.2,c.359C>T,p.Ser120Leu,359,missense,Pathogenic,Hearing impairment
2336306,19:50720954:G>A,50720954,NM_001145809.2,NM_001145809.2:c.488G>A,NP_001139281.1:p.Arg163Gln,163,3/43,\N,Pathogenic,Anorectal malformations with recto-perineal fistulas,missense_variant,MODERATE,N&.&Myosin_head&_motor_domain&Myosin_head&_motor_domain&Myosin_head&_motor_domain&.&Myosin_head&_motor_domain&Myosin_head&_motor_domain&Myosin_head&_motor_domain&.&Myosin_head&_motor_domain&Myosin_head&_motor_domain&Myosin_head&_motor_domain,\N,26.9,9.80392e-05,gnomad_AF_sas_pass,MYH14,NM_001145809.2,c.488G>A,p.Arg163Gln,488,missense,Pathogenic,Anorectal malformations with recto-perineal fistulas
2336316,19:50720971:G>A,50720971,NM_001145809.2,NM_001145809.2:c.505G>A,NP_001139281.1:p.Glu169Lys,169,3/43,\N,Pathogenic,Hearing loss,missense_variant,MODERATE,N&.&Myosin_head&_motor_domain&Myosin_head&_motor_domain&Myosin_head&_motor_domain&.&Myosin_head&_motor_domain&Myosin_head&_motor_domain&Myosin_head&_motor_domain&.&Myosin_head&_motor_domain&Myosin_head&_motor_domain&Myosin_head&_motor_domain,\N,26.5,2.89637e-05,gnomad_AF_amr_pass,MYH14,NM_001145809.2,c.505G>A,p.Glu169Lys,505,missense,Pathogenic,Hearing loss
2336323,19:50720992:G>A,50720992,NM_001145809.2,NM_001145809.2:c.526G>A,NP_001139281.1:p.Ala176Thr,176,3/43,\N,Pathogenic,Hearing loss,missense_variant,MODERATE,N&.&Myosin_head&_motor_domain&Myosin_head&_motor_domain&Myosin_head&_motor_domain&.&Myosin_head&_motor_domain&Myosin_head&_motor_domain&Myosin_head&_motor_domain&.&Myosin_head&_motor_domain&Myosin_head&_motor_domain&Myosin_head&_motor_domain,\N,24.6,0.000257124,gnomad_AF_nfe_pass,MYH14,NM_001145809.2,c.526G>A,p.Ala176Thr,526,missense,Pathogenic,Hearing loss
2336330,19:50721007:G>A,50721007,NM_001145809.2,NM_001145809.2:c.541G>A,NP_001139281.1:p.Ala181Thr,181,3/43,\N,Pathogenic,Hearing loss| non-syndromic| autosomal dominant,missense_variant,MODERATE,N&.&Myosin_head&_motor_domain&Myosin_head&_motor_domain&Myosin_head&_motor_domain&.&Myosin_head&_motor_domain&Myosin_head&_motor_domain&Myosin_head&_motor_domain&.&Myosin_head&_motor_domain&Myosin_head&_motor_domain&Myosin_head&_motor_domain,\N,27.6,\N,\N,MYH14,NM_001145809.2,c.541G>A,p.Ala181Thr,541,missense,Pathogenic,Hearing loss| non-syndromic| autosomal dominant
2336332,19:50721013:C>T,50721013,NM_001145809.2,NM_001145809.2:c.547C>T,NP_001139281.1:p.Arg183Trp,183,3/43,\N,Pathogenic,Abnormality of the mitochondrion,missense_variant,MODERATE,N&.&Myosin_head&_motor_domain&Myosin_head&_motor_domain&Myosin_head&_motor_domain&.&Myosin_head&_motor_domain&Myosin_head&_motor_domain&Myosin_head&_motor_domain&.&Myosin_head&_motor_domain&Myosin_head&_motor_domain&Myosin_head&_motor_domain,\N,27.5,6.53595e-05,gnomad_AF_sas_pass,MYH14,NM_001145809.2,c.547C>T,p.Arg183Trp,547,missense,Pathogenic,Abnormality of the mitochondrion
2336956,19:50726349:A>G,50726349,NM_001145809.2,NM_001145809.2:c.572A>G,NP_001139281.1:p.Asp191Gly,191,4/43,\N,Pathogenic,Hearing loss| non-syndromic| autosomal dominant,missense_variant,MODERATE,N&.&Myosin_head&_motor_domain&Myosin_head&_motor_domain&Myosin_head&_motor_domain&Myosin_head&_motor_domain&.&Myosin_head&_motor_domain&Myosin_head&_motor_domain&Myosin_head&_motor_domain&Myosin_head&_motor_domain&.&Myosin_head&_motor_domain&Myosin_head&_motor_domain&Myosin_head&_motor_domain&Myosin_head&_motor_domain,\N,29.9,\N,\N,MYH14,NM_001145809.2,c.572A>G,p.Asp191Gly,572,missense,Pathogenic,Hearing loss| non-syndromic| autosomal dominant
2336962,19:50726368:G>A,50726368,NM_001145809.2,NM_001145809.2:c.590+1G>A,\N,\N,\N,4/42,Likely pathogenic,\N,splice_donor_variant,HIGH,\N,\N,35,8.84862e-06,gnomad_AF_nfe_pass,MYH14,NM_001145809.2,c.590+1G>A,\N,590,noncoding,Likely pathogenic,\N
2337515,19:50730172:C>T,50730172,NM_001145809.2,NM_001145809.2:c.823C>T,NP_001139281.1:p.Arg275Cys,275,8/43,\N,Pathogenic,Sensorineural hearing loss,missense_variant,MODERATE,N&.&Myosin_head&_motor_domain&Myosin_head&_motor_domain&Myosin_head&_motor_domain&Myosin_head&_motor_domain&.&Myosin_head&_motor_domain&Myosin_head&_motor_domain&Myosin_head&_motor_domain&Myosin_head&_motor_domain&.&Myosin_head&_motor_domain&Myosin_head&_motor_domain&Myosin_head&_motor_domain&Myosin_head&_motor_domain,\N,27.1,3.26627e-05,gnomad_AF_sas_pass,MYH14,NM_001145809.2,c.823C>T,p.Arg275Cys,823,missense,Pathogenic,Sensorineural hearing loss
2338241,19:50735262:G>A,50735262,NM_001145809.2,NM_001145809.2:c.1049G>A,NP_001139281.1:p.Arg350Gln,350,10/43,\N,Likely pathogenic,Sensorineural hearing loss,missense_variant,MODERATE,N&.&Myosin_head&_motor_domain&Myosin_head&_motor_domain&Myosin_head&_motor_domain&.&Myosin_head&_motor_domain&Myosin_head&_motor_domain&Myosin_head&_motor_domain&.&Myosin_head&_motor_domain&Myosin_head&_motor_domain&Myosin_head&_motor_domain,\N,22.6,0.000330989,gnomad_AF_afr_pass,MYH14,NM_001145809.2,c.1049G>A,p.Arg350Gln,1049,missense,Likely pathogenic,Sensorineural hearing loss
2338246,19:50735280:C>T,50735280,NM_001145809.2,NM_001145809.2:c.1067C>T,NP_001139281.1:p.Thr356Met,356,10/43,\N,Pathogenic,Hearing loss| non-syndromic,missense_variant,MODERATE,N&.&Myosin_head&_motor_domain&Myosin_head&_motor_domain&Myosin_head&_motor_domain&.&Myosin_head&_motor_domain&Myosin_head&_motor_domain&Myosin_head&_motor_domain&.&Myosin_head&_motor_domain&Myosin_head&_motor_domain&Myosin_head&_motor_domain,\N,25.9,7.79861e-05,gnomad_AF_nfe_pass,MYH14,NM_001145809.2,c.1067C>T,p.Thr356Met,1067,missense,Pathogenic,Hearing loss| non-syndromic
2340559,19:50752251:TC>T,50752251,NM_001145809.2,NM_001145809.2:c.1338del,NP_001139281.1:p.Phe446LeufsTer50,446,13/43,\N,Pathogenic,Autism spectrum disorder,frameshift_variant,HIGH,\N,\N,\N,\N,\N,MYH14,NM_001145809.2,c.1338del,p.Phe446LeufsTer50,1338,stop,Pathogenic,Autism spectrum disorder
2340568,19:50752274:G>A,50752274,NM_001145809.2,NM_001145809.2:c.1360G>A,NP_001139281.1:p.Ala454Thr,454,13/43,\N,Pathogenic,Hearing loss,missense_variant,MODERATE,N&.&Myosin_head&_motor_domain&Myosin_head&_motor_domain&Myosin_head&_motor_domain&.&Myosin_head&_motor_domain&Myosin_head&_motor_domain&Myosin_head&_motor_domain&.&Myosin_head&_motor_domain&Myosin_head&_motor_domain&Myosin_head&_motor_domain,\N,26.9,3.2759e-05,gnomad_AF_sas_pass,MYH14,NM_001145809.2,c.1360G>A,p.Ala454Thr,1360,missense,Pathogenic,Hearing loss
2340602,19:50752341:G>A,50752341,NM_001145809.2,NM_001145809.2:c.1427G>A,NP_001139281.1:p.Arg476His,476,13/43,\N,Pathogenic,Hearing loss,missense_variant,MODERATE,N&.&Myosin_head&_motor_domain&Myosin_head&_motor_domain&Myosin_head&_motor_domain&.&Myosin_head&_motor_domain&Myosin_head&_motor_domain&Myosin_head&_motor_domain&.&Myosin_head&_motor_domain&Myosin_head&_motor_domain&Myosin_head&_motor_domain,\N,29.4,0.0018633,gnomad_AF_afr_pass,MYH14,NM_001145809.2,c.1427G>A,p.Arg476His,1427,missense,Pathogenic,Hearing loss
2340771,19:50753033:G>A,50753033,NM_001145809.2,NM_001145809.2:c.1609G>A,NP_001139281.1:p.Asp537Asn,537,14/43,\N,Pathogenic,Sensorineural hearing loss,missense_variant,MODERATE,N&.&Myosin_head&_motor_domain&Myosin_head&_motor_domain&Myosin_head&_motor_domain&Myosin_head&_motor_domain&.&Myosin_head&_motor_domain&Myosin_head&_motor_domain&Myosin_head&_motor_domain&Myosin_head&_motor_domain&.&Myosin_head&_motor_domain&Myosin_head&_motor_domain&Myosin_head&_motor_domain&Myosin_head&_motor_domain,\N,27.9,4.00577e-05,gnomad_AF_afr_pass,MYH14,NM_001145809.2,c.1609G>A,p.Asp537Asn,1609,missense,Pathogenic,Sensorineural hearing loss
2340939,19:50753880:A>C,50753880,NM_001145809.2,NM_001145809.2:c.1765A>C,NP_001139281.1:p.Lys589Gln,589,15/43,\N,Likely pathogenic,Hearing loss| non-syndromic,missense_variant,MODERATE,N&.&Myosin_head&_motor_domain&Myosin_head&_motor_domain&Myosin_head&_motor_domain&.&Myosin_head&_motor_domain&Myosin_head&_motor_domain&Myosin_head&_motor_domain&.&Myosin_head&_motor_domain&Myosin_head&_motor_domain&Myosin_head&_motor_domain,\N,26.0,1.77472e-05,gnomad_AF_nfe_pass,MYH14,NM_001145809.2,c.1765A>C,p.Lys589Gln,1765,missense,Likely pathogenic,Hearing loss| non-syndromic
2341341,19:50755953:G>A,50755953,NM_001145809.2,NM_001145809.2:c.1888G>A,NP_001139281.1:p.Val630Ile,630,16/43,\N,Likely pathogenic,Ataxia,missense_variant,MODERATE,N&.&Myosin_head&_motor_domain&Myosin_head&_motor_domain&Myosin_head&_motor_domain&.&Myosin_head&_motor_domain&Myosin_head&_motor_domain&Myosin_head&_motor_domain&.&Myosin_head&_motor_domain&Myosin_head&_motor_domain&Myosin_head&_motor_domain,\N,22.5,0.000108038,gnomad_AF_sas_pass,MYH14,NM_001145809.2,c.1888G>A,p.Val630Ile,1888,missense,Likely pathogenic,Ataxia
2341351,19:50755984:G>A,50755984,NM_001145809.2,NM_001145809.2:c.1919G>A,NP_001139281.1:p.Arg640Gln,640,16/43,\N,Pathogenic,Deafness| childhood| severe,missense_variant,MODERATE,N&.&Myosin_head&_motor_domain&Myosin_head&_motor_domain&Myosin_head&_motor_domain&.&Myosin_head&_motor_domain&Myosin_head&_motor_domain&Myosin_head&_motor_domain&.&Myosin_head&_motor_domain&Myosin_head&_motor_domain&Myosin_head&_motor_domain,\N,21.2,0.000857481,gnomad_AF_nfe_pass,MYH14,NM_001145809.2,c.1919G>A,p.Arg640Gln,1919,missense,Pathogenic,Deafness| childhood| severe
2341925,19:50760600:G>A,50760600,NM_001145809.2,NM_001145809.2:c.2089G>A,NP_001139281.1:p.Gly697Ser,697,18/43,\N,Likely pathogenic,Sensorineural hearing loss,missense_variant,MODERATE,N&.&Myosin_head&_motor_domain&Myosin_head&_motor_domain&Myosin_head&_motor_domain&.&Myosin_head&_motor_domain&Myosin_head&_motor_domain&Myosin_head&_motor_domain&.&Myosin_head&_motor_domain&Myosin_head&_motor_domain&Myosin_head&_motor_domain,\N,16.09,0.00022805,gnomad_AF_eas_pass,MYH14,NM_001145809.2,c.2089G>A,p.Gly697Ser,2089,missense,Likely pathogenic,Sensorineural hearing loss
2341949,19:50760672:C>T,50760672,NM_001145809.2,NM_001145809.2:c.2161C>T,NP_001139281.1:p.Arg721Cys,721,18/43,\N,Likely pathogenic,Bronchopulmonary dysplasia| severe,missense_variant,MODERATE,N&.&Myosin_head&_motor_domain&Myosin_head&_motor_domain&Myosin_head&_motor_domain&.&Myosin_head&_motor_domain&Myosin_head&_motor_domain&Myosin_head&_motor_domain&.&Myosin_head&_motor_domain&Myosin_head&_motor_domain&Myosin_head&_motor_domain,\N,29.8,0.000479052,gnomad_AF_afr_pass,MYH14,NM_001145809.2,c.2161C>T,p.Arg721Cys,2161,missense,Likely pathogenic,Bronchopulmonary dysplasia| severe
2342304,19:50762467:C>A,50762467,NM_001145809.2,NM_001145809.2:c.2299C>A,NP_001139281.1:p.Arg767Ser,767,19/43,\N,Pathogenic,Hearing impairment,missense_variant,MODERATE,N&.&Myosin_head&_motor_domain&Myosin_head&_motor_domain&Myosin_head&_motor_domain&.&Myosin_head&_motor_domain&Myosin_head&_motor_domain&Myosin_head&_motor_domain&.&Myosin_head&_motor_domain&Myosin_head&_motor_domain&Myosin_head&_motor_domain,\N,26.3,\N,\N,MYH14,NM_001145809.2,c.2299C>A,p.Arg767Ser,2299,missense,Pathogenic,Hearing impairment
2343090,19:50766601:C>T,50766601,NM_001145809.2,NM_001145809.2:c.2618C>T,NP_001139281.1:p.Ala873Val,873,22/43,\N,Likely pathogenic,Hearing loss,missense_variant,MODERATE,N&.&IQ_motif&_EF-hand_binding_site&.&IQ_motif&_EF-hand_binding_site&.&IQ_motif&_EF-hand_binding_site,\N,24.8,\N,\N,MYH14,NM_001145809.2,c.2618C>T,p.Ala873Val,2618,missense,Likely pathogenic,Hearing loss
2343092,19:50766604:T>C,50766604,NM_001145809.2,NM_001145809.2:c.2621T>C,NP_001139281.1:p.Leu874Pro,874,22/43,\N,Pathogenic,Hearing loss,missense_variant,MODERATE,N&.&.&.&.&.&.,\N,25.4,\N,\N,MYH14,NM_001145809.2,c.2621T>C,p.Leu874Pro,2621,missense,Pathogenic,Hearing loss
2343117,19:50766675:A>C,50766675,NM_001145809.2,NM_001145809.2:c.2692A>C,NP_001139281.1:p.Lys898Gln,898,22/43,\N,Likely pathogenic,Deafness,missense_variant&splice_region_variant,MODERATE,N&.&.&.&.&.&.,\N,26.7,0.000399498,gnomad_AF_eas_pass,MYH14,NM_001145809.2,c.2692A>C,p.Lys898Gln,2692,missense,Likely pathogenic,Deafness
2343516,19:50770156:C>T,50770156,NM_001145809.2,NM_001145809.2:c.2717C>T,NP_001139281.1:p.Thr906Met,906,23/43,\N,Pathogenic,Hearing loss| non-syndromic| autosomal dominant,missense_variant,MODERATE,N&.&Myosin_tail&.&Myosin_tail&.&Myosin_tail,\N,24.9,\N,\N,MYH14,NM_001145809.2,c.2717C>T,p.Thr906Met,2717,missense,Pathogenic,Hearing loss| non-syndromic| autosomal dominant
2343744,19:50771512:G>T,50771512,NM_001145809.2,NM_001145809.2:c.2921G>T,NP_001139281.1:p.Arg974Leu,974,24/43,\N,Pathogenic,Peripheral neuropathy| myopathy| and hearing loss,missense_variant,MODERATE,N&.&Myosin_tail&.&Myosin_tail&.&Myosin_tail,\N,23.7,\N,\N,MYH14,NM_001145809.2,c.2921G>T,p.Arg974Leu,2921,missense,Pathogenic,Peripheral neuropathy| myopathy| and hearing loss
2343761,19:50771562:G>A,50771562,NM_001145809.2,NM_001145809.2:c.2971G>A,NP_001139281.1:p.Glu991Lys,991,24/43,\N,Likely pathogenic,Hearing impairment,missense_variant,MODERATE,N&.&Myosin_tail&.&Myosin_tail&.&Myosin_tail,\N,28.1,6.73945e-05,gnomad_AF_eas_pass,MYH14,NM_001145809.2,c.2971G>A,p.Glu991Lys,2971,missense,Likely pathogenic,Hearing impairment
2344144,19:50774672:G>C,50774672,NM_001145809.2,NM_001145809.2:c.3040G>C,NP_001139281.1:p.Glu1014Gln,1014,25/43,\N,Pathogenic,Peripheral neuropathy| myopathy| hoarseness & hearing loss,missense_variant,MODERATE,N&.&Myosin_tail&.&Myosin_tail&.&Myosin_tail,\N,24.0,\N,\N,MYH14,NM_001145809.2,c.3040G>C,p.Glu1014Gln,3040,missense,Pathogenic,Peripheral neuropathy| myopathy| hoarseness & hearing loss
2344148,19:50774681:C>T,50774681,NM_001145809.2,NM_001145809.2:c.3049C>T,NP_001139281.1:p.Leu1017Phe,1017,25/43,\N,Pathogenic,Hearing impairment,missense_variant,MODERATE,N&.&Myosin_tail&.&Myosin_tail&.&Myosin_tail,\N,22.3,9.49884e-06,gnomad_AF_nfe_pass,MYH14,NM_001145809.2,c.3049C>T,p.Leu1017Phe,3049,missense,Pathogenic,Hearing impairment
2345258,19:50781391:G>C,50781391,NM_001145809.2,NM_001145809.2:c.3877G>C,NP_001139281.1:p.Glu1293Gln,1293,30/43,\N,Pathogenic,Hearing loss| non-syndromic,missense_variant,MODERATE,N&.&Myosin_tail&.&.&Myosin_tail&Myosin_tail,\N,24.4,\N,\N,MYH14,NM_001145809.2,c.3877G>C,p.Glu1293Gln,3877,missense,Pathogenic,Hearing loss| non-syndromic
2345289,19:50781451:C>T,50781451,NM_001145809.2,NM_001145809.2:c.3937C>T,NP_001139281.1:p.Arg1313Cys,1313,30/43,\N,Likely pathogenic,Bronchopulmonary dysplasia| severe,missense_variant,MODERATE,N&.&Myosin_tail&.&.&Myosin_tail&Myosin_tail,\N,29.1,2.88667e-05,gnomad_AF_amr_pass,MYH14,NM_001145809.2,c.3937C>T,p.Arg1313Cys,3937,missense,Likely pathogenic,Bronchopulmonary dysplasia| severe
2345316,19:50781512:G>A,50781512,NM_001145809.2,NM_001145809.2:c.3998G>A,NP_001139281.1:p.Arg1333Gln,1333,30/43,\N,Likely pathogenic,Anal atresia,missense_variant,MODERATE,N&.&Myosin_tail&.&.&Myosin_tail&Myosin_tail,\N,23.4,\N,\N,MYH14,NM_001145809.2,c.3998G>A,p.Arg1333Gln,3998,missense,Likely pathogenic,Anal atresia
2345318,19:50781515:C>T,50781515,NM_001145809.2,NM_001145809.2:c.4001C>T,NP_001139281.1:p.Ala1334Val,1334,30/43,\N,Likely pathogenic,Anorectal malformations with recto-urethral fistulas,missense_variant,MODERATE,N&.&Myosin_tail&.&.&Myosin_tail&Myosin_tail,\N,8.272,\N,\N,MYH14,NM_001145809.2,c.4001C>T,p.Ala1334Val,4001,missense,Likely pathogenic,Anorectal malformations with recto-urethral fistulas
2346507,19:50789815:G>T,50789815,NM_001145809.2,NM_001145809.2:c.4616G>T,NP_001139281.1:p.Arg1539Leu,1539,34/43,\N,Pathogenic,Motor neuropathy,missense_variant,MODERATE,N&Myosin_tail&.&Myosin_tail&.&.&Myosin_tail,\N,26.3,3.19234e-05,gnomad_AF_nfe_pass,MYH14,NM_001145809.2,c.4616G>T,p.Arg1539Leu,4616,missense,Pathogenic,Motor neuropathy
2346539,19:50789892:C>T,50789892,NM_001145809.2,NM_001145809.2:c.4693C>T,NP_001139281.1:p.Arg1565Trp,1565,34/43,\N,Likely pathogenic,Arthrogryposis,missense_variant,MODERATE,N&Myosin_tail&.&Myosin_tail&.&.&Myosin_tail,\N,31,9.69086e-05,gnomad_AF_afr_pass,MYH14,NM_001145809.2,c.4693C>T,p.Arg1565Trp,4693,missense,Likely pathogenic,Arthrogryposis
2347121,19:50794186:C>T,50794186,NM_001145809.2,NM_001145809.2:c.5008C>T,NP_001139281.1:p.Arg1670Cys,1670,36/43,\N,Pathogenic,Hearing loss,missense_variant,MODERATE,N&Myosin_tail&.&Myosin_tail&.&.&Myosin_tail,\N,24.7,0.000114916,gnomad_AF_afr_pass,MYH14,NM_001145809.2,c.5008C>T,p.Arg1670Cys,5008,missense,Pathogenic,Hearing loss
2347133,19:50794198:G>A,50794198,NM_001145809.2,NM_001145809.2:c.5020G>A,NP_001139281.1:p.Val1674Met,1674,36/43,\N,Pathogenic,Deafness| congenital| mild,missense_variant,MODERATE,N&Myosin_tail&.&Myosin_tail&.&.&Myosin_tail,\N,3.702,3.15212e-05,gnomad_AF_nfe_pass,MYH14,NM_001145809.2,c.5020G>A,p.Val1674Met,5020,missense,Pathogenic,Deafness| congenital| mild
2347161,19:50794283:T>C,50794283,NM_001145809.2,NM_001145809.2:c.5105T>C,NP_001139281.1:p.Val1702Ala,1702,36/43,\N,Likely pathogenic,Hearing loss| non-syndromic sensorineural,missense_variant,MODERATE,N&Myosin_tail&.&Myosin_tail&.&.&Myosin_tail,\N,19.39,5.41751e-05,gnomad_AF_nfe_pass,MYH14,NM_001145809.2,c.5105T>C,p.Val1702Ala,5105,missense,Likely pathogenic,Hearing loss| non-syndromic sensorineural
2347345,19:50795566:C>T,50795566,NM_001145809.2,NM_001145809.2:c.5176C>T,NP_001139281.1:p.Arg1726Trp,1726,37/43,\N,Pathogenic,Hearing impairment,missense_variant,MODERATE,N&Myosin_tail&.&Myosin_tail&.&.&Myosin_tail,\N,24.8,0.000167898,gnomad_AF_eas_pass,MYH14,NM_001145809.2,c.5176C>T,p.Arg1726Trp,5176,missense,Pathogenic,Hearing impairment
2347591,19:50796859:G>A,50796859,NM_001145809.2,NM_001145809.2:c.5384G>A,NP_001139281.1:p.Arg1795His,1795,39/43,\N,Pathogenic,Hearing loss| non-syndromic| autosomal dominant,missense_variant,MODERATE,N&Myosin_tail&.&Myosin_tail&.&.&Myosin_tail,\N,28.5,0.00022024,gnomad_AF_eas_pass,MYH14,NM_001145809.2,c.5384G>A,p.Arg1795His,5384,missense,Pathogenic,Hearing loss| non-syndromic| autosomal dominant
2348712,19:50804964:C>A,50804964,NM_001145809.2,NM_001145809.2:c.5516C>A,NP_001139281.1:p.Ala1839Asp,1839,40/43,\N,Pathogenic,Anorectal malformations with recto-perineal fistulas,missense_variant,MODERATE,N&Myosin_tail&.&Myosin_tail&.&.&Myosin_tail,\N,25.8,0.00116835,gnomad_AF_eas_pass,MYH14,NM_001145809.2,c.5516C>A,p.Ala1839Asp,5516,missense,Pathogenic,Anorectal malformations with recto-perineal fistulas
2348752,19:50805050:G>A,50805050,NM_001145809.2,NM_001145809.2:c.5602G>A,NP_001139281.1:p.Ala1868Thr,1868,40/43,\N,Pathogenic,Autosomal dominant non-syndromic hearing loss,missense_variant,MODERATE,N&Myosin_tail&.&Myosin_tail&.&.&Myosin_tail,\N,22.8,\N,\N,MYH14,NM_001145809.2,c.5602G>A,p.Ala1868Thr,5602,missense,Pathogenic,Autosomal dominant non-syndromic hearing loss
2349781,19:50812922:C>T,50812922,NM_001145809.2,NM_001145809.2:c.5986C>T,NP_001139281.1:p.Arg1996Cys,1996,43/43,\N,Likely pathogenic,Arthrogryposis,missense_variant,MODERATE,N&.&.&.&.&.&.,\N,24.9,3.38066e-05,gnomad_AF_sas_pass,MYH14,NM_001145809.2,c.5986C>T,p.Arg1996Cys,5986,missense,Likely pathogenic,Arthrogryposis
2349799,19:50812952:G>T,50812952,NM_001145809.2,NM_001145809.2:c.6016G>T,NP_001139281.1:p.Glu2006Ter,2006,43/43,\N,Pathogenic,Hearing loss| non-syndromic| autosomal dominant,stop_gained,HIGH,N&.&.&.&.&.&.,\N,46,\N,\N,MYH14,NM_001145809.2,c.6016G>T,p.Glu2006Ter,6016,stop,Pathogenic,Hearing loss| non-syndromic| autosomal dominant
2349841,19:50813037:AC>A,50813037,NM_001145809.2,NM_001145809.2:c.6106del,NP_001139281.1:p.Gln2036SerfsTer33,2034,43/43,\N,Pathogenic,Anorectal malformations with recto-perineal fistulas,frameshift_variant,HIGH,\N,\N,\N,\N,\N,MYH14,NM_001145809.2,c.6106del,p.Gln2036SerfsTer33,6106,stop,Pathogenic,Anorectal malformations with recto-perineal fistulas
