Name,Gene(s),Protein change,Condition(s),Clinical significance (Last reviewed),Review status,Accession,GRCh37Chromosome,GRCh37Location,GRCh38Chromosome,GRCh38Location,VariationID,AlleleID(s),dbSNP ID,Canonical SPDI,Unnamed: 15,refseq,variant,p_change,v_origin,p_change_class,pathogenicity,conditions
NM_001145809.2(MYH14):c.20C>A (p.Ser7Ter),MYH14,S7*,Autosomal dominant nonsyndromic hearing loss 4A,"Pathogenic(Last reviewed: Apr 1, 2004)",no assertion criteria provided,VCV000002196,19,50713642,19.0,50210385,2196,17235,rs119103279,NC_000019.10:50210384:C:A,,NM_001145809.2,c.20C>A,p.Ser7Ter,20,stop,Pathogenic,Autosomal dominant nonsyndromic hearing loss 4A
NM_001145809.2(MYH14):c.571G>A (p.Asp191Asn),MYH14,D191N,Autosomal dominant nonsyndromic hearing loss 4A,"Likely pathogenic(Last reviewed: Jun 2, 2023)","criteria provided, single submitter",VCV002505165,19,50726348,19.0,50223091,2505165,2670132,,NC_000019.10:50223090:G:A,,NM_001145809.2,c.571G>A,p.Asp191Asn,571,missense,Likely pathogenic,Autosomal dominant nonsyndromic hearing loss 4A
NM_001145809.2(MYH14):c.571G>C (p.Asp191His),MYH14,D191H,Autosomal dominant nonsyndromic hearing loss 4A,"Likely pathogenic(Last reviewed: Jun 2, 2023)","criteria provided, single submitter",VCV002505164,19,50726348,19.0,50223091,2505164,2670131,,NC_000019.10:50223090:G:C,,NM_001145809.2,c.571G>C,p.Asp191His,571,missense,Likely pathogenic,Autosomal dominant nonsyndromic hearing loss 4A
NM_001145809.2(MYH14):c.590+1G>A,MYH14,,not provided,"Pathogenic/Likely pathogenic(Last reviewed: Nov 15, 2021)","criteria provided, multiple submitters, no conflicts",VCV000489369,19,50726368,19.0,50223111,489369,482197,rs371338704,NC_000019.10:50223110:G:A,,NM_001145809.2,c.590+1G>A,,590,noncoding,Pathogenic,not provided
NM_001145809.2(MYH14):c.979del (p.Leu327fs),MYH14,"L319fs, L327fs",not provided,"Pathogenic(Last reviewed: Jul 28, 2022)","criteria provided, single submitter",VCV001073575,19,50735191,19.0,50231934,1073575,1064745,,NC_000019.10:50231933:CC:C,,NM_001145809.2,c.979del,p.Leu327fs,979,frameshift,Pathogenic,not provided
NM_001145809.2(MYH14):c.1304_1305del (p.Val435fs),MYH14,"V427fs, V435fs",not provided,"Pathogenic(Last reviewed: Oct 18, 2022)","criteria provided, single submitter",VCV001454721,19,50750352 - 50750353,19.0,50247095 - 50247096,1454721,1445059,,NC_000019.10:50247094:TGTG:TG,,NM_001145809.2,c.1304_1305del,p.Val435fs,1304,frameshift,Pathogenic,not provided
NM_001145809.2(MYH14):c.1955del (p.Gly652fs),MYH14,G652fs,not provided,"Likely pathogenic(Last reviewed: Jan 1, 2021)","criteria provided, single submitter",VCV001012461,19,50758482,19.0,50255225,1012461,1001138,rs1401235358,NC_000019.10:50255224:GGGGG:GGGG,,NM_001145809.2,c.1955del,p.Gly652fs,1955,frameshift,Likely pathogenic,not provided
NM_001145809.2(MYH14):c.2299C>A (p.Arg767Ser),MYH14,"R726S, R767S, R734S",Autosomal dominant nonsyndromic hearing loss 4A,"Pathogenic(Last reviewed: Jun 17, 2005)",no assertion criteria provided,VCV000002198,19,50762467,19.0,50259210,2198,17237,rs28940307,NC_000019.10:50259209:C:A,,NM_001145809.2,c.2299C>A,p.Arg767Ser,2299,missense,Pathogenic,Autosomal dominant nonsyndromic hearing loss 4A
NM_001145809.2(MYH14):c.2424+1G>A,MYH14,,not provided,"Likely pathogenic(Last reviewed: Mar 10, 2022)","criteria provided, single submitter",VCV001469926,19,50763973,19.0,50260716,1469926,1375769,,NC_000019.10:50260715:G:A,,NM_001145809.2,c.2424+1G>A,,2424,noncoding,Likely pathogenic,not provided
NM_001145809.2(MYH14):c.2921G>T (p.Arg974Leu),MYH14,"R941L, R974L, R933L",not provided|Peripheral neuropathy-myopathy-hoarseness-hearing loss syndrome,"Pathogenic(Last reviewed: Nov 18, 2022)","criteria provided, multiple submitters, no conflicts",VCV000030739,19,50771512,19.0,50268255,30739,39696,rs113993956,NC_000019.10:50268254:G:T,,NM_001145809.2,c.2921G>T,p.Arg974Leu,2921,missense,Pathogenic,not provided|Peripheral neuropathy-myopathy-hoarseness-hearing loss syndrome
NM_001145809.2(MYH14):c.3049C>T (p.Leu1017Phe),MYH14,"L976F, L1017F, L984F",Autosomal dominant nonsyndromic hearing loss 4A,"Pathogenic(Last reviewed: Apr 1, 2004)",no assertion criteria provided,VCV000002197,19,50774681,19.0,50271424,2197,17236,rs28940306,NC_000019.10:50271423:C:T,,NM_001145809.2,c.3049C>T,p.Leu1017Phe,3049,missense,Pathogenic,Autosomal dominant nonsyndromic hearing loss 4A
NM_001145809.2(MYH14):c.3598dup (p.Arg1200fs),MYH14,"R1167fs, R1200fs, R1159fs",not provided,"Pathogenic(Last reviewed: Oct 23, 2022)","criteria provided, single submitter",VCV002117681,19,50779376 - 50779377,19.0,50276119 - 50276120,2117681,2179450,,NC_000019.10:50276119:CC:CCC,,NM_001145809.2,c.3598dup,p.Arg1200fs,3598,frameshift,Pathogenic,not provided
NM_001145809.2(MYH14):c.4609del (p.Arg1537fs),MYH14,"R1496fs, R1504fs, R1537fs",See cases,"Likely pathogenic(Last reviewed: Dec 20, 2021)","criteria provided, single submitter",VCV001708295,19,50789807,19.0,50286550,1708295,1706593,,NC_000019.10:50286549:CC:C,,NM_001145809.2,c.4609del,p.Arg1537fs,4609,frameshift,Likely pathogenic,See cases
NM_001145809.2(MYH14):c.5452_5458del (p.Arg1818fs),MYH14,"R1818fs, R1777fs, R1785fs",not provided,"Pathogenic(Last reviewed: Aug 31, 2022)","criteria provided, single submitter",VCV002135075,19,50796926 - 50796932,19.0,50293669 - 50293675,2135075,2190483,,NC_000019.10:50293668:CCGCAAGC:C,,NM_001145809.2,c.5452_5458del,p.Arg1818fs,5452,frameshift,Pathogenic,not provided
NM_001145809.2(MYH14):c.5990del (p.Thr1997fs),MYH14,"T1956fs, T1964fs, T1997fs",Autosomal dominant nonsyndromic hearing loss 4A,Pathogenic,no assertion criteria provided,VCV001185649,19,50812926,19.0,50309669,1185649,1175660,,NC_000019.10:50309668:C:,,NM_001145809.2,c.5990del,p.Thr1997fs,5990,frameshift,Pathogenic,Autosomal dominant nonsyndromic hearing loss 4A
