  id,variation,pos,vep_feature,vep_hgvs_c,vep_hgvs_p,vep_protein_pos,vep_exon,vep_intron,final_pathogenicity,final_disease,vep_consequence,vep_impact,dbnsfp_interpro_domain,vep_motif_name,vep_cadd_phred,overall_max_maf,overall_max_maf_source,gene
1530490,10:26305820:C>A,26305820,NM_017433.5,NM_017433.5:c.580C>A,NP_059129.3:p.Pro194Thr,194,12966,\N,Pathogenic,Deafness| autosomal recessive 30,missense_variant,MODERATE,Protein_kinase_domain&Protein_kinase_domain&Protein_kinase_domain&Protein_kinase_domain&Protein_kinase_domain&Protein_kinase_domain&.&Protein_kinase_domain&Protein_kinase_domain&Protein_kinase_domain,\N,27.7,0.000108826,gnomad_AF_eas_pass,MYO3A
1531335,10:26312949:A>G,26312949,NM_017433.5,NM_017433.5:c.732-2A>G,\N,\N,\N,12632,Pathogenic,Deafness| autosomal recessive 30,splice_acceptor_variant,HIGH,\N,\N,34,\N,\N,MYO3A
1531592,10:26315356:A>C,26315356,NM_017433.5,NM_017433.5:c.848A>C,NP_059129.3:p.Gln283Pro,283,13058,\N,Pathogenic,Deafness| autosomal recessive 30,missense_variant,MODERATE,Protein_kinase_domain&Protein_kinase_domain&Protein_kinase_domain&Protein_kinase_domain&Protein_kinase_domain&Protein_kinase_domain&Protein_kinase_domain&Protein_kinase_domain&Protein_kinase_domain,\N,24.6,0.000707907,gnomad_AF_eas_pass,MYO3A
1536207,10:26355941:C>T,26355941,NM_017433.5,NM_017433.5:c.991C>T,NP_059129.3:p.Arg331Ter,331,13089,\N,Pathogenic,Deafness| autosomal recessive 30,stop_gained,HIGH,N&.&.,\N,34,8.46549E-05,gnomad_AF_amr_pass,MYO3A
1536642,10:26359062:C>A,26359062,NM_017433.5,NM_017433.5:c.1193C>A,NP_059129.3:p.Ser398Ter,398,13/35,\N,Pathogenic,Deafness| autosomal recessive 30,stop_gained,HIGH,Myosin_head&_motor_domain&Myosin_head&_motor_domain&Myosin_head&_motor_domain&Class_III_myosin&_motor_domain&Myosin_head&_motor_domain&Myosin_head&_motor_domain&Myosin_head&_motor_domain&Class_III_myosin&_motor_domain&Myosin_head&_motor_domain&Myosin_head&_motor_domain&Myosin_head&_motor_domain,\N,44,8.47697E-05,gnomad_AF_amr_pass,MYO3A
1538876,10:26377140:CAG>C,26377140,NM_017433.5,NM_017433.5:c.1370_1371del,NP_059129.3:p.Arg457AsnfsTer25,457,15/35,\N,Pathogenic,Deafness| autosomal recessive 30,frameshift_variant,HIGH,\N,\N,33,2.65304E-05,gnomad_AF_nfe_pass,MYO3A
1538907,10:26377235:G>A,26377235,NM_017433.5,NM_017433.5:c.1463G>A,NP_059129.3:p.Gly488Glu,488,15/35,\N,Pathogenic,Hearing loss| autodomal dominant,missense_variant,MODERATE,Myosin_head&_motor_domain&Myosin_head&_motor_domain&Myosin_head&_motor_domain&Myosin_head&_motor_domain&Class_III_myosin&_motor_domain&Myosin_head&_motor_domain&Myosin_head&_motor_domain&Myosin_head&_motor_domain&Myosin_head&_motor_domain&Class_III_myosin&_motor_domain&Myosin_head&_motor_domain&Myosin_head&_motor_domain&Myosin_head&_motor_domain&Myosin_head&_motor_domain,\N,28.8,0.000641797,gnomad_AF_afr_pass,MYO3A
1539847,10:26385329:A>AT,26385329,NM_017433.5,NM_017433.5:c.1588dup,NP_059129.3:p.Tyr530LeufsTer9,528,16/35,\N,Pathogenic,Deafness| autosomal recessive 30,frameshift_variant,HIGH,\N,\N,34,\N,\N,MYO3A
1539904,10:26385519:A>T,26385519,NM_017433.5,NM_017433.5:c.1684A>T,NP_059129.3:p.Arg562Ter,562,17/35,\N,Pathogenic,Deafness| autosomal recessive 30,stop_gained,HIGH,Myosin_head&_motor_domain&Myosin_head&_motor_domain&Myosin_head&_motor_domain&Class_III_myosin&_motor_domain&Myosin_head&_motor_domain&Myosin_head&_motor_domain&Myosin_head&_motor_domain&Class_III_myosin&_motor_domain&Myosin_head&_motor_domain&Myosin_head&_motor_domain&Myosin_head&_motor_domain,\N,39,\N,\N,MYO3A
1539921,10:26385567:G>T,26385567,NM_017433.5,NM_017433.5:c.1732G>T,NP_059129.3:p.Glu578Ter,578,17/35,\N,Pathogenic,Deafness| autosomal recessive 30,stop_gained,HIGH,Myosin_head&_motor_domain&Myosin_head&_motor_domain&Myosin_head&_motor_domain&Class_III_myosin&_motor_domain&Myosin_head&_motor_domain&Myosin_head&_motor_domain&Myosin_head&_motor_domain&Class_III_myosin&_motor_domain&Myosin_head&_motor_domain&Myosin_head&_motor_domain&Myosin_head&_motor_domain,\N,43,\N,\N,MYO3A
1542646,10:26409593:G>A,26409593,NM_017433.5,NM_017433.5:c.1777-12G>A,\N,\N,\N,17/34,Pathogenic,Deafness| autosomal recessive 30,intron_variant,MODIFIER,\N,\N,23.3,\N,\N,MYO3A
1542667,10:26409647:G>T,26409647,NM_017433.5,NM_017433.5:c.1819G>T,NP_059129.3:p.Val607Phe,607,18/35,\N,Pathogenic,Deafness| autosomal recessive 30,missense_variant,MODERATE,Myosin_head&_motor_domain&Myosin_head&_motor_domain&Myosin_head&_motor_domain&Class_III_myosin&_motor_domain&Myosin_head&_motor_domain&Myosin_head&_motor_domain&Myosin_head&_motor_domain&Class_III_myosin&_motor_domain,\N,24.6,\N,\N,MYO3A
1542674,10:26409669:C>T,26409669,NM_017433.5,NM_017433.5:c.1841C>T,NP_059129.3:p.Ser614Phe,614,18/35,\N,Pathogenic,Deafness| autosomal recessive 30,missense_variant,MODERATE,Myosin_head&_motor_domain&Myosin_head&_motor_domain&Myosin_head&_motor_domain&Class_III_myosin&_motor_domain&Myosin_head&_motor_domain&Myosin_head&_motor_domain&Myosin_head&_motor_domain&Class_III_myosin&_motor_domain,\N,32,0.000129601,gnomad_AF_nfe_pass,MYO3A
1543245,10:26414513:T>G,26414513,NM_017433.5,NM_017433.5:c.2090T>G,NP_059129.3:p.Leu697Trp,697,19/35,\N,Pathogenic,Autosomal Dominant late-onset non-syndromic hearing loss,missense_variant,MODERATE,Myosin_head&_motor_domain&Myosin_head&_motor_domain&Myosin_head&_motor_domain&Class_III_myosin&_motor_domain&Myosin_head&_motor_domain&Myosin_head&_motor_domain&Myosin_head&_motor_domain&Class_III_myosin&_motor_domain,\N,28.1,\N,\N,MYO3A
1545540,10:26436358:G>A,26436358,NM_017433.5,NM_017433.5:c.2506-1G>A,\N,\N,\N,22/34,Pathogenic,\N,splice_acceptor_variant,HIGH,\N,\N,34,0.000380104,gnomad_AF_nfe_pass,MYO3A
1547902,10:26457655:T>G,26457655,NM_017433.5,NM_017433.5:c.3126T>G,NP_059129.3:p.Tyr1042Ter,1042,28/35,\N,Pathogenic,Deafness| autosomal recessive 30,stop_gained,HIGH,Myosin_head&_motor_domain&Myosin_head&_motor_domain&Myosin_head&_motor_domain&Myosin_head&_motor_domain,\N,38,0.000318213,gnomad_AF_amr_pass,MYO3A
1547903,10:26457658:T>G,26457658,NM_017433.5,NM_017433.5:c.3129T>G,NP_059129.3:p.Tyr1043Ter,1043,28/35,\N,Pathogenic,Deafness| autosomal recessive 30,stop_gained,HIGH,Myosin_head&_motor_domain&Myosin_head&_motor_domain&Myosin_head&_motor_domain&Myosin_head&_motor_domain,\N,39,\N,\N,MYO3A
1548451,10:26462638:GAA>G,26462638,NM_017433.5,NM_017433.5:c.3447_3448del,NP_059129.3:p.Arg1150IlefsTer7,1149,30/35,\N,Pathogenic,\N,frameshift_variant,HIGH,\N,\N,25.4,8.81228E-06,gnomad_AF_nfe_pass,MYO3A
1548569,10:26463012:G>A,26463012,NM_017433.5,NM_017433.5:c.3819G>A,NP_059129.3:p.Trp1273Ter,1273,30/35,\N,Pathogenic,\N,stop_gained,HIGH,N&.,\N,36,2.64136E-05,gnomad_AF_nfe_pass,MYO3A
1548608,10:26463140:T>TA,26463140,NM_017433.5,NM_017433.5:c.3948dup,NP_059129.3:p.Cys1317MetfsTer13,1316,30/35,\N,Pathogenic,Deafness| autosomal recessive 30,frameshift_variant,HIGH,\N,\N,\N,\N,\N,MYO3A
1550788,10:26482199:TTAAA>T,26482199,NM_017433.5,NM_017433.5:c.4508_4511del,NP_059129.3:p.Asn1503ThrfsTer31,1502-1503,32/35,\N,Pathogenic,\N,frameshift_variant,HIGH,\N,\N,34,0.000240713,gnomad_AF_afr_pass,MYO3A
1551909,10:26491987:C>T,26491987,NM_017433.5,NM_017433.5:c.4681C>T,NP_059129.3:p.Arg1561Ter,1561,34/35,\N,Pathogenic,Deafness| autosomal recessive 30,stop_gained,HIGH,N&.&.,\N,35,0.00100231,gnomad_AF_eas_pass,MYO3A
,Add1,,NM_017433.5,NM_017433.5:c.716T>C,NP_059129.3:p.Leu239Pro,,,,Pathogenic,Hearing loss| autodomal dominant,missense_variant,,,,,,,
