Name,Gene(s),Protein change,Condition(s),Clinical significance (Last reviewed),Review status,Accession,GRCh37Chromosome,GRCh37Location,GRCh38Chromosome,GRCh38Location,VariationID,AlleleID(s),dbSNP ID,Canonical SPDI,Unnamed: 15,refseq,variant,p_change,v_origin,p_class,pathogenicity
NM_017433.5(MYO3A):c.76_77delinsTA (p.Thr26Ter),MYO3A,T26*,not provided,"Pathogenic/Likely pathogenic(Last reviewed: Jan 12, 2023)","criteria provided, multiple submitters, no conflicts",VCV001878816,10,26241115 - 26241116,10.0,25952186 - 25952187,1878816,1935569,,NC_000010.11:25952185:AC:TA,,NM_017433.5,c.76_77delinsTA,p.Thr26Ter,76,stop,Pathogenic
NM_017433.5(MYO3A):c.168+1G>T,MYO3A,,not provided,"Likely pathogenic(Last reviewed: Jan 12, 2023)","criteria provided, single submitter",VCV002572843,10,26241208,10.0,25952279,2572843,2737785,,NC_000010.11:25952278:G:T,,NM_017433.5,c.168+1G>T,,168,noncoding,Likely pathogenic
NM_017433.5(MYO3A):c.508+2T>C,MYO3A,,not provided,"Likely pathogenic(Last reviewed: Oct 27, 2022)","criteria provided, single submitter",VCV002031128,10,26286189,10.0,25997260,2031128,2078770,,NC_000010.11:25997259:T:C,,NM_017433.5,c.508+2T>C,,508,noncoding,Likely pathogenic
NM_017433.5(MYO3A):c.732-2A>G,MYO3A,,Autosomal recessive nonsyndromic hearing loss 30,"Pathogenic(Last reviewed: May 28, 2002)",no assertion criteria provided,VCV000004016,10,26312949,10.0,26024020,4016,19055,rs1023746725,NC_000010.11:26024019:A:G,,NM_017433.5,c.732-2A>G,,732-2,noncoding,Pathogenic
NM_017433.5(MYO3A):c.892C>T (p.Gln298Ter),MYO3A,Q298*,Autosomal recessive nonsyndromic hearing loss 30|not provided,"Pathogenic(Last reviewed: Jun 13, 2022)","criteria provided, multiple submitters, no conflicts",VCV001687422,10,26315400,10.0,26026471,1687422,1679715,,NC_000010.11:26026470:C:T,,NM_017433.5,c.892C>T,p.Gln298Ter,892,stop,Pathogenic
NM_017433.5(MYO3A):c.1193C>A (p.Ser398Ter),MYO3A,S398*,not provided,"Likely pathogenic(Last reviewed: Sep 21, 2022)","criteria provided, single submitter",VCV002443380,10,26359062,10.0,26070133,2443380,1315031,,NC_000010.11:26070132:C:A,,NM_017433.5,c.1193C>A,p.Ser398Ter,1193,stop,Likely pathogenic
NM_017433.5(MYO3A):c.1370_1371del (p.Arg457fs),MYO3A,R457fs,not provided|Autosomal recessive nonsyndromic hearing loss 30|Sensorineural hearing impairment,"Pathogenic(Last reviewed: May 1, 2021)","criteria provided, multiple submitters, no conflicts",VCV000655296,10,26377141 - 26377142,10.0,26088212 - 26088213,655296,638842,rs760866131,NC_000010.11:26088211:AGA:A,,NM_017433.5,c.1370_1371del,p.Arg457fs,1370,frameshift,Pathogenic
NM_017433.5(MYO3A):c.1563-1G>A,MYO3A,,not provided,"Likely pathogenic(Last reviewed: Mar 24, 2022)","criteria provided, single submitter",VCV001897147,10,26385309,10.0,26096380,1897147,1953082,,NC_000010.11:26096379:G:A,,NM_017433.5,c.1563-1G>A,,1563-1,noncoding,Likely pathogenic
NM_017433.5(MYO3A):c.1684A>T (p.Arg562Ter),MYO3A,R562*,Autosomal recessive nonsyndromic hearing loss 30,"Pathogenic(Last reviewed: Feb 26, 2019)",no assertion criteria provided,VCV000627462,10,26385519,10.0,26096590,627462,615808,rs1564544199,NC_000010.11:26096589:A:T,,NM_017433.5,c.1684A>T,p.Arg562Ter,1684,stop,Pathogenic
NM_017433.5(MYO3A):c.1732G>T (p.Glu578Ter),MYO3A,E578*,Autosomal recessive nonsyndromic hearing loss 30,"Pathogenic(Last reviewed: Feb 26, 2019)",no assertion criteria provided,VCV000627463,10,26385567,10.0,26096638,627463,615809,rs1564544348,NC_000010.11:26096637:G:T,,NM_017433.5,c.1732G>T,p.Glu578Ter,1732,stop,Pathogenic
NM_017433.5(MYO3A):c.1777-12G>A,MYO3A,,Autosomal recessive nonsyndromic hearing loss 30,"Pathogenic(Last reviewed: May 28, 2002)",no assertion criteria provided,VCV000004015,10,26409593,10.0,26120664,4015,19054,rs1564568849,NC_000010.11:26120663:G:A,,NM_017433.5,c.1777-12G>A,,1777-12,noncoding,Pathogenic
NM_017433.5(MYO3A):c.2090T>G (p.Leu697Trp),MYO3A,L697W,Nonsyndromic genetic hearing loss|not provided|nonsyndromic sensorineural hearing loss,"Pathogenic(Last reviewed: Nov 24, 2020)","criteria provided, multiple submitters, no conflicts",VCV000617675,10,26414513,10.0,26125584,617675,609078,rs1564573788,NC_000010.11:26125583:T:G,,NM_017433.5,c.2090T>G,p.Leu697Trp,2090,missense,Pathogenic
NM_017433.5(MYO3A):c.2180dup (p.Asn727fs),MYO3A,N727fs,not provided,"Pathogenic(Last reviewed: Jan 25, 2022)","criteria provided, single submitter",VCV000618240,10,26417377 - 26417378,10.0,26128448 - 26128449,618240,609747,rs769462859,NC_000010.11:26128448:AAAAAAAA:AAAAAAAAA,,NM_017433.5,c.2180dup,p.Asn727fs,2180,frameshift,Pathogenic
NM_017433.5(MYO3A):c.2263-2A>C,MYO3A,,Rare genetic deafness,"Likely pathogenic(Last reviewed: Sep 12, 2017)","criteria provided, single submitter",VCV000517589,10,26432375,10.0,26143446,517589,497128,rs1554833178,NC_000010.11:26143445:A:C,,NM_017433.5,c.2263-2A>C,,2263-2,noncoding,Likely pathogenic
NM_017433.5(MYO3A):c.2506-1G>A,MYO3A,,not provided,"Pathogenic/Likely pathogenic(Last reviewed: Sep 26, 2023)","criteria provided, multiple submitters, no conflicts",VCV000288758,10,26436358,10.0,26147429,288758,272995,rs201023600,NC_000010.11:26147428:G:A,,NM_017433.5,c.2506-1G>A,,2506-1,noncoding,Pathogenic
NM_017433.5(MYO3A):c.2636-1G>T,MYO3A,,Autosomal recessive nonsyndromic hearing loss 30,"Likely pathogenic(Last reviewed: Feb 26, 2019)",no assertion criteria provided,VCV000627464,10,26442778,10.0,26153849,627464,615837,rs1564602202,NC_000010.11:26153848:G:T,,NM_017433.5,c.2636-1G>T,,2636-1,noncoding,Likely pathogenic
NM_017433.5(MYO3A):c.2793+2del,MYO3A,,not provided,"Likely pathogenic(Last reviewed: Jul 8, 2022)","criteria provided, single submitter",VCV002029212,10,26443754,10.0,26154825,2029212,2082004,,NC_000010.11:26154824:T:,,NM_017433.5,c.2793+2del,,2793,noncoding,Likely pathogenic
NM_017433.5(MYO3A):c.3003del (p.Tyr1002fs),MYO3A,Y1002fs,Autosomal recessive nonsyndromic hearing loss 30,"Likely pathogenic(Last reviewed: Aug 30, 2021)","criteria provided, single submitter",VCV001324766,10,26454999,10.0,26166070,1324766,1315032,,NC_000010.11:26166069:C:,,NM_017433.5,c.3003del,p.Tyr1002fs,3003,frameshift,Likely pathogenic
NM_017433.5(MYO3A):c.3093G>A (p.Trp1031Ter),MYO3A,W1031*,Autosomal recessive nonsyndromic hearing loss 30,"Likely pathogenic(Last reviewed: Jul 1, 2021)",no assertion criteria provided,VCV001185069,10,26455089,10.0,26166160,1185069,1175049,,NC_000010.11:26166159:G:A,,NM_017433.5,c.3093G>A,p.Trp1031Ter,3093,stop,Likely pathogenic
NM_017433.5(MYO3A):c.3112-2A>G,MYO3A,,MYO3A-related condition,"Likely pathogenic(Last reviewed: Mar 28, 2023)","criteria provided, single submitter",VCV002635313,10,26457639,10.0,26168710,2635313,2802213,,NC_000010.11:26168709:A:G,,NM_017433.5,c.3112-2A>G,,3112-2,noncoding,Likely pathogenic
NM_017433.5(MYO3A):c.3129T>G (p.Tyr1043Ter),MYO3A,Y1043*,Autosomal recessive nonsyndromic hearing loss 30,"Pathogenic(Last reviewed: Apr 1, 2011)",no assertion criteria provided,VCV000004014,10,26457658,10.0,26168729,4014,19053,rs193919333,NC_000010.11:26168728:T:G,,NM_017433.5,c.3129T>G,p.Tyr1043Ter,3129,stop,Pathogenic
NM_017433.5(MYO3A):c.3154C>T (p.Arg1052Ter),MYO3A,R1052*,not provided,"Pathogenic(Last reviewed: Jul 20, 2022)","criteria provided, single submitter",VCV002192717,10,26457683,10.0,26168754,2192717,1922800,,NC_000010.11:26168753:C:T,,NM_017433.5,c.3154C>T,p.Arg1052Ter,3154,stop,Pathogenic
NM_017433.5(MYO3A):c.3274+1G>T,MYO3A,,not provided|Rare genetic deafness,"Likely pathogenic(Last reviewed: Dec 8, 2022)","criteria provided, multiple submitters, no conflicts",VCV000929938,10,26457804,10.0,26168875,929938,918323,rs201538580,NC_000010.11:26168874:G:T,,NM_017433.5,c.3274+1G>T,,3274,noncoding,Likely pathogenic
NM_017433.5(MYO3A):c.3447_3448del (p.Arg1150fs),MYO3A,R1150fs,not provided,"Pathogenic(Last reviewed: Nov 10, 2015)","criteria provided, single submitter",VCV000284395,10,26462639 - 26462640,10.0,26173710 - 26173711,284395,268632,rs764507216,NC_000010.11:26173709:AAA:A,,NM_017433.5,c.3447_3448del,p.Arg1150fs,3447,frameshift,Pathogenic
NM_017433.5(MYO3A):c.3737_3738del (p.Glu1246fs),MYO3A,E1246fs,Autosomal recessive nonsyndromic hearing loss 30,Pathogenic,no assertion criteria provided,VCV001185653,10,26462928 - 26462929,10.0,26173999 - 26174000,1185653,1175611,,NC_000010.11:26173998:AGAG:AG,,NM_017433.5,c.3737_3738del,p.Glu1246fs,3737,frameshift,Pathogenic
NM_017433.5(MYO3A):c.3819G>A (p.Trp1273Ter),MYO3A,W1273*,not provided,"Pathogenic(Last reviewed: Jun 19, 2021)","criteria provided, single submitter",VCV000858273,10,26463012,10.0,26174083,858273,836778,rs762088627,NC_000010.11:26174082:G:A,,NM_017433.5,c.3819G>A,p.Trp1273Ter,3819,stop,Pathogenic
NM_017433.5(MYO3A):c.3948dup (p.Cys1317fs),MYO3A,C1317fs,Autosomal recessive nonsyndromic hearing loss 30,"Pathogenic(Last reviewed: May 28, 2019)","criteria provided, single submitter",VCV000802566,10,26463140 - 26463141,10.0,26174211 - 26174212,802566,790956,rs1589079163,NC_000010.11:26174211:A:AA,,NM_017433.5,c.3948dup,p.Cys1317fs,3948,frameshift,Pathogenic
NM_017433.5(MYO3A):c.4173_4174del (p.His1391fs),MYO3A,H1391fs,not provided,"Pathogenic(Last reviewed: May 3, 2022)","criteria provided, single submitter",VCV002188636,10,26463365 - 26463366,10.0,26174436 - 26174437,2188636,1020716,rs768570132,NC_000010.11:26174435:ATA:A,,NM_017433.5,c.4173_4174del,p.His1391fs,4173,frameshift,Pathogenic
NM_017433.5(MYO3A):c.4293+1G>C,MYO3A,,not provided,"Likely pathogenic(Last reviewed: Aug 19, 2022)","criteria provided, single submitter",VCV001954061,10,26463487,10.0,26174558,1954061,2008178,,NC_000010.11:26174557:G:C,,NM_017433.5,c.4293+1G>C,,4293,noncoding,Likely pathogenic
NM_017433.5(MYO3A):c.4298C>G (p.Ser1433Ter),MYO3A,S1433*,not provided,"Pathogenic(Last reviewed: Nov 19, 2017)","criteria provided, single submitter",VCV001071291,10,26465634,10.0,26176705,1071291,1061891,,NC_000010.11:26176704:C:G,,NM_017433.5,c.4298C>G,p.Ser1433Ter,4298,stop,Pathogenic
NM_017433.5(MYO3A):c.4399_4409del (p.Pro1467fs),MYO3A,P1467fs,MYO3A-related condition,"Likely pathogenic(Last reviewed: Apr 24, 2023)","criteria provided, single submitter",VCV002633638,10,26465733 - 26465743,10.0,26176804 - 26176814,2633638,2798965,,NC_000010.11:26176803:AGCCAATTAATAG:AG,,NM_017433.5,c.4399_4409del,p.Pro1467fs,4399,frameshift,Likely pathogenic
NM_017433.5(MYO3A):c.4483C>T (p.Arg1495Ter),MYO3A,R1495*,not provided,"Pathogenic(Last reviewed: Apr 25, 2022)","criteria provided, single submitter",VCV002189377,10,26482178,10.0,26193249,2189377,1911720,,NC_000010.11:26193248:C:T,,NM_017433.5,c.4483C>T,p.Arg1495Ter,4483,stop,Pathogenic
NM_017433.5(MYO3A):c.4508_4511del (p.Asn1503fs),MYO3A,N1503fs,not provided,"Pathogenic/Likely pathogenic(Last reviewed: Nov 2, 2023)","criteria provided, multiple submitters, no conflicts",VCV000523983,10,26482200 - 26482203,10.0,26193271 - 26193274,523983,514608,rs757660866,NC_000010.11:26193270:TAAATAA:TAA,,NM_017433.5,c.4508_4511del,p.Asn1503fs,4508,frameshift,Pathogenic
NM_017433.5(MYO3A):c.4545+1G>C,MYO3A,,Rare genetic deafness,"Likely pathogenic(Last reviewed: Feb 4, 2015)","criteria provided, single submitter",VCV000228277,10,26482241,10.0,26193312,228277,229788,rs876657652,NC_000010.11:26193311:G:C,,NM_017433.5,c.4545+1G>C,,4545,noncoding,Likely pathogenic
NM_017433.5(MYO3A):c.4586+2T>C,MYO3A,,not provided,"Likely pathogenic(Last reviewed: Jun 21, 2019)","criteria provided, single submitter",VCV000939260,10,26490236,10.0,26201307,939260,940166,rs1843661582,NC_000010.11:26201306:T:C,,NM_017433.5,c.4586+2T>C,,4586,noncoding,Likely pathogenic
NM_017433.5(MYO3A):c.4587-1G>A,MYO3A,,Autosomal recessive nonsyndromic hearing loss 30,"Pathogenic(Last reviewed: Aug 23, 2019)","criteria provided, single submitter",VCV001323315,10,26491892,10.0,26202963,1323315,1313601,,NC_000010.11:26202962:G:A,,NM_017433.5,c.4587-1G>A,,4587-1,noncoding,Pathogenic
